;Skills;Cluster
0;['бизнес-консультирование', 'управленческое консультирование', 'анализ данных', 'деловая коммуникация', 'active directory', 'ремонт пк', 'сборка пк', 'helpdesk', 'обучение и развитие', 'cad', 'bim', 'idef', 'uml', 'atlassian jira', 'бизнес-анализ', 'javascript', 'java', 'b2b продажи', 'тренинги', 'обучение персонала', 'проведение презентаций', 'ориентация на результат', 'банковские процессы', 'цифровизация', 'роботизация rpa', 'rpa', 'асу тп', 'mysql', 'html', 'коммуникабельность', 'целеустремленность', 'mercurial', 'аналитический склад ума', 'css', 'пользователь пк', 'администрирование серверов', 'администрирование сетевого оборудования', 'ответственность', 'postgresql', 'oracle', 'оптимизация бизнес-процессов', 'autocad', 'заключение договоров', 'деловая переписка', 'руководство коллективом', 'субд', 'sparx enterprise architect', 'bpmn', 'adobe photoshop', 'itsm', 'itil', 'администрирование серверов windows', 'настройка dns', 'dhcp', 'навыки презентации', '3d', 'составление договоров', 'договоры поставки', 'бюджетирование', 'dwh', 'data lake', 'аналитическое мышление', 'oracle bi', 'аналитик', 'холодные продажи', 'прием и распределение телефонных звонков', 'деловое общение', 'консультирование клиентов по телефону', 'холодные звонки', 'активные продажи', 'оптимизация бизнес процессов', 'php', 'python', 'oracle pl/sql', 'pl+', 'ibso', 'асу', 'automation', 'plc', 'scada', 'hmi', 'wincc', 'siemens', 'simatic', 'step7', 'tiaportal', 's7-1200', 's7-1500', 'logo!', 'schneider', 'ge', 'generalelectric', 'weintek', 'delta', 'аналитические исследования', 'аналитика', 'моделирование бизнес процессов', 'кипиа', 'pmp', 'ipma', 'prince2', 'use case analysis', 'xml', 'json api', 'scad', 'sap erp', 'erp', 'c++', 'компас-3d', 'c/c++', 'delphi', 'ввод в эксплуатацию', 'mdm', 'нси', 's4hana', 'нормативно-справочная информация', 'mdg', 'грамотность', '3 группа по электробезопасности', 'командообразование', 'teamleading', 'администрирование серверов linux', 'linux', 'bash', 'офисная техника', 'реинжиниринг бизнес-процессов', 'erp systems', 'microsoft visual studio', 'tcp/ip', 'windows 7', 'rest', 'soap', 'системная интеграция', 'архитектура типовых решений 1с', 'разработка на языке 1с', 'тестирование', 'zabbix', 'монтаж инженерных систем', 'финансовая отчетность', 'графические редакторы', 'adobe illustrator', 'adobe indesign', 'веб-дизайн', 'креативность', 'мобильность', 'творческое мышление', 'etl', 'quality assurance', 'тестирование по', 'методика описания тестирования', 'тест-план', 'проектно-конструкторская деятельность', 'сапр', 'проведение семинаров', 'ui', 'css3', 'html5', 'git', 'redux', 'sap', 'react', 'gulp', 'simatic pcs 7', 'erp 2', 'vue', 'webpack', 'step 7', 'nodejs', 'анализ трендов по цифровизации и их прикладное использование для бизнес-процессов компании', 'базовое понимание основных языков разработки', 'поддержка рабочих мест копировально-множительной техники систем акс/вкс', 'консультирование пользователей по телефону электронной почте', 'обязательно: ', 'хорошо развитые коммуникативные способности', 'готовность к командировкам', 'обучение за счет компании', 'взаимодействие с бизнес пользователями функциональными заказчиками сбор требований на автоматизацию бизнес-процессов', 'бизнес-процессов инжиниринговых строительных компаний', 'методологии idef epc uml bpmn 20', 'исследования и анализа данных', 'моделирования процессов', 'блоки учета: строительство складская логистика транспортная логистика регламентированный и управленческий учет', 'моделирования и реинжиниринга бизнес-процессов', 'обязательно: word excel powerpoint и visio', 'определение возможности использования готовых программных продуктов', 'грамотная устная и письменная речь ', 'обеспечение высокого уровня покрытия для функционального и регрессивного тестирования', 'продвижение систем асу тп компании yokogawa (плк / кип)', 'по: microsoft office visio power point', 'внимательность к деталям', 'инициативность', 'самостоятельность', 'личные качества: коммуникативные способности системное мышление умение налаживать и поддерживать конструктивные отношения публичность', 'минимум ошибок в период запуска программного продукта в опытную эксплуатацию', 'планировать деятельность подразделения', 'позитивную рабочую атмосферу дружный коллектив', 'аналитические способности', 'стремление к саморазвитию и освоению новых технологий', 'ответственность коммуникабельность инициативность нацеленность на результат наличие организаторских способностей', 'макетирование и тестирование оборудования и программного обеспечения на стенде', 'уверенный пользователь ', 'конфигурирование оборудования/сервера после обновления по ремонта замены контроллеров', 'взаимодействие с инженером по ремонтам', 'взаимодействие с диспетчерами', 'внести ощутимый вклад в развитие крупного программного продукта erp действительно уникального не имеющего аналогов своей области', 'ликвидация простоев предоставления услуг', 'администрировать и пользоваться средствами компьютерной и вычислительной техники коммуникации и связи', 'работать с программами microsoft word microsoft excelmicrosoft outlook microsoft visio internet электронный документооборот эвридок', 'взаимодействие с подрядчиками/поставщиками', 'уверенное пользование компьютером (word excel internet почтовые программы)', 'проведение необходимых расчетов', 'подбор оборудования', 'подбор оценка и обоснование выбора стека технологий для решаемых задач', 'определение требований к хранению и передаче данных между компонентами', 'оценка обучение и консультирование разработчиков', 'приветствуется творческий подход к решению задач', 'аналитический склад ума способность к абстрактному мышлению', 'пунктуальность коммуникабельность внимательность ответственность работоспособность исполнительность нацеленность на результат', 'обучение пользователей', 'описание и оптимизация бизнес-процессов', 'взаимодействие и консультация разработчиков по процессам', 'взаимодействие с сотрудниками бизнес-подразделений по возможностям автоматизации и оптимизации процессов', 'обеспечение стабильности функционирования парка пк серверов оргтехники специализированного оборудования и телефонии', 'оптимизация производительности и безопасности сервисов систем и серверов', 'настройка proxy подключение сетевого диска и тп', 'эцп сертификаты крипто-про и прочее', 'анализ и реинжиниринг действующих бизнес-процессов в компании', 'написание пользовательских тест-кейсов программы и методики испытаний информационных систем/модулей', 'написание регламентных документов (рабочие инструкции руководства пользователей инструкции)', 'взаимодействие со смежными подразделениями и внешними компаниями в рамках деятельности отдела ', 'верификация существующих спецификаций/алгоритмов/маппингов', 'поиск и привлечение новых клиентов', 'проведение презентации и переговоров', 'составление коммерческих предложении', 'быстро обучаемость', 'телефонные переговоры', 'поиск новых клиентов', 'наставничество по ряду направлений развития для программистов', 'высокая коммуникабельность и клиентоориентированность при взаимодействии с бизнес-заказчиком', 'коммуникации с разработчиками и подрядчиками', 'навыки ведения переговоров', 'ответственность за результат', 'обучаемость', 'анализ и проектирование бизнес-процессов', 'обучение и сопровождение пользователей', 'основы делопроизводства', 'более чем конкурентная заработная плата - высокий процент от выручки!', 'нацеленность на долгосрочное сотрудничество', 'выявление дополнительных факторов влияющих на точность прогноза и проверка гипотез', 'администрирование информационной базы', 'запуск интернет-магазина', 'поддержка пользователей', 'ответственное отношение к выпускаемому продукту', 'премии не только по итогам года', 'возможность участвовать в развитии предлагать идеи и технологии', 'тех кто сказал что все будет готово в пятницу и финишировал в четверг вечером', 'тех кто готов делиться своим опытом', 'красивый код', 'чувство юмора', 'базисное программное обеспечение oracle db rac asm oracle fusion middleware postgrespro', 'чтение принципиальных электрических схем', 'инициативность и исполнительность', 'стрессоустойчивость', 'проведение custdev-ов с клиентами россии снг и целевых иностранных рынков', 'описание функциональных требований ', 'исследования конкурентов', 'аналитика и отслеживание показателей в ежемесячном режиме', 'представление о crm маркетинге: бизнес-процессах сервисах', 'владение инструментами веб-аналитики', 'предпроектное обследование объектов', 'должен знать:', 'экономико-математические методы', 'основы теории экономической кибернетики', 'средства вычислительной техники коммуникаций и связи', 'обеспечение соблюдения стоимостных характеристик программы', 'консультации заинтересованных лиц со стороны бизнеса', 'широкий кругозор в it – является преимуществом', 'проектирование настройка тестирование изменений', 'исследование бизнес-процессов и требований к автоматизации', 'обучение и консультации пользователей', 'подбор периферийного оборудования', 'наладка запуск и сопровождение разрабатываемого программного обеспечения', 'администрирование облачной платформы', 'консультации конечным пользователям и департаментам', 'архитектура современных erp систем', 'edi/эдо электронные каталоги b2b внутренний документооборот', 'dynamics 365 и sharepoint', 'автоматизация оборудования для пищевой промышленности посредством программного обеспечения &quotproleit&quot', 'тестирование написанного программного обеспечения', 'умение выполнять схемы используя электротехнические спецификации стандартные чертежи инструкции по проектированию генпланы технологические схемы и информацию поставщиков', 'содействовать младшему инженеру - проектировщику дизайнеру в приобретении необходимого опыта', 'креативный подход в тестировании модификаций', 'тестировать модификации', 'консультировать поддерживать и обучать пользователей', 'писать инструкции пользователям', 'внимательность активность ответственность', 'обеспечение сопровождения и развития информационных систем', 'документирование/контроль документирования ис', 'аудит конфигураций ис', 'культура корпоративной переписки', 'начальный уровень администрирования mssql', 'презентационные навыки (навыки ясной и структурированной презентации информации публичных выступлений проведения обучения)', 'web/http – сервисы xdto ', 'консультирование пользователей', 'изучение и реинжиниринг бизнес-процессов', 'освоение новых типов контроллеров', 'оптимизация затрат на оборудование и лицензии', 'взаимодействие с сотрудниками офиса и удаленных подразделений', 'взаимодействие с поставщиками ит-услуг и сетевого оборудования', 'исследование бизнес-процессов компании (проведение интервью сбор и анализ информации) описание бизнес-процессов с использованием графических схем', 'аналитический склад ума навыки обобщения и систематизации информации', 'навыки визуализации и презентации грамотная устная и письменная речь', 'самоорганизованность обучаемость способность усваивать большой объем информации', 'составление смет по договорным расценкам предприятия', 'тестирование собственных разработок', 'устранение ошибок функциональности ', 'назначение и конструктивные особенности оборудования производства а также инженерных систем правила их эксплуатации', 'навыки осуществления закупок оборудования и программного обеспечения', 'проведение первичной диагностики определение причины инцидентов', 'эскалация заявок соответствующим ответственным лицам', 'монтаж слаботочных инженерных систем:  автоматическая пожарная сигнализация', 'диспетчеризация (опционально)', 'владение адаптивной и кроссбраузерной версткой', 'уверенное владение git', 'отрисовка и публикация интерактивных прототипов', 'креативный подход современный дизайн высокий уровень профессионализма', 'развитые управленческие и коммуникативные навыки ', 'оптимизация и рефакторинг', 'исправление дефектов', 'подача инициатив по повышению эффективности производственных процессов ', 'опытный пользователь пк', 'доработки обновление конфигураций зуп и бп 83 настройка и сопровождение обмена между ними', 'ведение базы данных заказчиков (обновление пополнение базы)', 'настойчивость активная жизненная позиция', 'веб-аналитика (ям ga)', 'наличие портфолио - обязательно', 'поддержка пользователей 1супп 1с:бухгалтерия'];48
1;['формирование бюджета', 'внедрение информационных систем', 'подготовка презентаций', 'автоматизация технологических процессов', 'ведение переговоров', 'автоматизация', 'исполнение личных поручений руководителя', 'автоматизация производства', 'внедрение систем информационной безопасности', 'планирование', 'подготовка коммерческих предложений', 'планирование карьеры', 'автоматизация процессов', 'системы мониторинга сетей', 'создание пользовательского интерфейса по', 'внедрение и сопровождение всех программных продуктов', 'формирование годовых и оперативных планов подразделения подготовка отчетов', 'организация закупок it', 'выявление ошибок на пользовательских компьютерах программного обеспечения восстановление работоспособности системы при сбоях и выходе из строя ит-оборудования', 'подготовка и выдача новых рабочих мест модернизация текущих', 'выполнение регламентных sla', 'участие в тестировании приемо-сдаточных испытаниях (нагрузочных регрессионных тестированиях)', 'формирование требований к автоматизации бизнес-процессов строительных компаний', 'деловые коммуникации с функциональными заказчиками и ит подрядчиками', 'подготовка и проведение презентаций', 'участие в составе scrum-команды в формировании пользовательских историй и определении критериев принятия пользователем и ключевых сценариев тестирования', 'автоматизация функционального тестирования в спринте и поддержка регрессионных пакетов', 'размещение оборудования контроль поступления и сборки организация испытаний и последующей отгрузки', 'анализировать влияние проведенного обучения на целевые показатели продаж/ поддержки продаж b2b', 'обеспечивать выполнение поручений своего руководителя и руководства компании', 'переговоры с вендорами поставщиками услуг автоматизации', 'организация тестирования и проведение опытной эксплуатации реализованного роботизированного процесса', 'обеспечение ведения статистической отчетности по автоматизированным системам в зоне своей ответственности', 'выполнение требований законодательных и иных нормативных правовых актов рф контроль соблюдения лнд компании и общества в области асутп и кип', 'формирование проектной команды', 'понимание принципов современной разработки по (девопс микросервисная архитектура)', 'реализация бизнес-логики на уровне базы данных', 'общение а так же ведение деловой переписки с заказчиком и подрядчиком', 'организация производственного планирования', 'администрирование договоров организация документооборота по договору', 'организация и проведение совещаний', 'осуществление изменений в ис на соответствие требованиям', 'устранение и участие в устранении нарушений в функционировании сервисов систем и серверов', 'предпочтительно наличие опыта сфере финансов страхования или ритейле', 'формирование тестовых сценариев и проведение тестирования функционала it-систем', 'оформление презентации и подготовка отчетов', 'заключение договоров и приобретение программного и аппаратного обеспечения комплектующих и тп контроль исполнения договорных отношений с поставщиками ', 'исполнение поручений руководства ', 'разработка моделей данных хранилищ данных проектирование логической модели витрин', 'обслуживание клиентов компании', 'выполнение плана по продажам', 'внедрение конфигурации 1с:erp на предприятиях группы компаний', 'участие в совещаниях и встречах с партнерами и клиентами подготовка аналитических документов', 'внедрение программного продукта', 'контроль качества разрабатываемого программного продукта', 'поиск возможных точек роста качества прогноза', 'ведение переговоров консультирование заказчиков', 'аудит инфраструктуры заказчиков', 'задачи и содержание асуп', 'порядок постановки задач их алгоритмизации', 'обеспечение сроков выполнения плана программы', 'осуществление контроля исполнения дорожной карты программы своевременное реагирование на потенциальные зоны риска', 'участие в приемочных инспекциях изготовленного оборудования', 'согласование артефактов с заинтересованными лицами', 'создание и наполнение сайта созданного для взаимодействия между минкомсвязи и региональными органами власти ответственными за цифровизацию', 'составление спецификаций шкафного оборудования автоматизации проектирование шкафов автоматизации', 'координация проектных команд и консультантов', 'рассматривать и давать комментарии к проектным чертежам других отделов и чертежам оборудования поставщика', 'реальные результаты внедрения сопровождения microsoft dynamics ax', 'контроль выполнения/выполнение запросов заказчика по вопросам использования ис', 'проверка реализации/тестирование запросов на изменение в ис', 'определение системы метрик и целевых показателей бизнес-процессов', 'подготовка и презентация материалов по предлагаемым изменениям в бизнес-процессах', 'обучение пользователей и сопровождение внедряемых изменений со стороны процессной команды', 'поддержка пользователей организации (обучение инструктирование)', 'нацеленность на результат выполнение задач в ограниченные сроки', 'ведение накопительных смет', 'создание новых объектов конфигурации модификация и обновление существующих', 'участие в проектировании и внедрении асутп', 'контроль и обеспечение своевременного выполнения процедур по обслуживанию оборудования и по', 'организация согласования внутри банка документов по предпроекту с заинтересованными ссп ', 'развитие и поддержка ui-kit', 'внедрение и использование передовых и актуальных веб-технологий', 'обеспечение требуемого качества исходных текстов кода', 'взаимодействие с проектной командой и смежными подразделениями для решения поставленных задач', 'интеграция с другими информационными системами и настройка обмена данных', 'актуализация матрицы рисков конфликтов полномочий (sod рисков) ведение реестра ккп тестирование ккп', 'консультационная поддержка при автоматизации новых бизнес процессов в ис sap', 'внедрение и использование внешнего инструмента по администрированию системы (пользователи полномочия кодинг программ лицензии sod отчеты менеджмента)', 'ведение нормативно-справочной информации'];30
2;['инженерные системы', 'контроль качества', 'системы автоматизации', 'системы пожаротушения', 'электрические системы и слаботочные системы', 'слаботочные системы', 'системы пожарной безопасности', 'системы видеонаблюдения', 'формирования требований к автоматизации бизнес-процессов строительных или проектных организаций', 'разработка методических документов материалов для представления в федеральные органы исполнительной власти', 'разработка разделов тз и документов трп', 'разработка нестандартных приложений для интеграции систем автоматизации', 'организация разработки информационных систем участие в первичном тестировании', 'формирование функциональных требований к системе', 'контроль разработанных решений согласно требованиям', 'участие по необходимости в пресейлах компании (оценка сроков подготовка кп ресурсное планирование) ', 'контроль исполнения поставленных задач региональным сотрудникам', 'контроль и сопровождение внедрения ис и новых процессов', 'контроль ит бюджета в рамках курируемых договоров ', 'участие в подготовке и утверждении целевой архитектуры хранилищ данных и связанных решений', 'участие в мероприятиях для профессионального развития тренинги учебные курсы', 'проведение презентаций участие в переговорах с заказчиком', 'ведение рабочей внутренней документации в соответствии с требованиями принятыми правилами и нормами компании', 'участие в семинарах конференциях и выставках', 'разработка стратегии позиционирования и маркетинга продукта', 'контроль качества выполнения то подрядными организациями', 'контроль подрядных организации на этапе смр пнр опс аспт', 'изучает причины отказов и нарушений в системе разрабатывает предложения по их устранению и предупреждению по повышению качества и надежности асуп', 'методы определения экономической эффективности внедрения асуп', 'анализ стратегии развития программы и контроль ее внедрения', 'участие в предпроектных обследованиях', 'консультации команды разработки в процессе проектирования и создания программных решений', 'понимание waterfall agile подходов к разработке программного обеспечения', 'контроль за исполнением бюджета и выполнением мероприятий в сфере цифровизации реализуемых региональными органами власти', 'определение проектных задач и необходимых ресурсов', 'создание проектных планов', 'контроль качества по', 'настраивать системы', 'участие в заседаниях рабочих групп', 'организация подготовки технико-коммерческих предложений для участия в тендерных процедурах', 'участие в переговорах при проведении тендеров', 'согласование запросов на изменение с заказчиком', 'общий стаж в области разработки прикладного программного обеспечения от 3 лет', 'участие во внедрение erp системы в рамках своей компетенции', 'планирование и контроль исполнения бюджета отдела', 'планирование и контроль исполнения бюджета фот отдела', 'соблюдение стандартов поддержки и модификации системы по sla', 'разработка и выполнение стратегии развития в области асутп', 'разработка нового и доработка существующего функционала асутп', 'структурированные кабельные системы', 'кабеленесущие системы', 'анализ контроль качества и согласование подготовленных на предпроекте: описаний и схем текущих и целевых процессов ит-архитектуры бизнес и функциональных требований на автоматизацию административно-хозяйственной деятельности банка системы оценки выбора по и тп ', 'понимание компонентного подхода в разработке веб-интерфейсов', 'создание дизайна системы с обновляемым контентом', 'участие в маркетинговых мероприятиях (семинары выставки конференции)', 'разработка и формирование отчётов в том числе на основе данных из информационных систем sap', 'мониторинг и контроль устранения выявляемых конфликтах в информационных системах sap', 'разработка и актуализация внутренних нормативных документов', 'изменение алгоритмов программы и разработка новых отчетов тестирование новых разработок'];3
3;['организаторские навыки', 'локальные сети', 'проектирование', 'организационное проектирование', 'архитектор хранища данных', 'хранилище данных', 'навыки продаж', 'асутп', 'базы данных', 'управленческие навыки', '1с: документооборот', 'проектирование лвс', '1с: ух', 'erp-системы на базе 1с', 'обновление конфигурации 1с', 'проектирование пользовательских интерфейсов', 'проектирование печатных плат', '1с: бухгалтерия', '1с: предприятие 8', 'навыки диагностики и устранения неисправности пк комплектующих и оргтехники', 'основных механизмов платформы 1с предприятие 83', 'проектирования ис', 'отслеживание обеспечения ценности бизнеса с помощью надежных инженерных методов и принципов', 'навыки делового общения', 'желателен стаж не менее 3-ех лет в подобной должности/ сфера асутп ', 'умение работать в команде ', 'конфигурирование оборудования узлов доступа к сети интернет', 'поддержание работоспособности оборудования узлов доступа к сети интернет филиала совокупность которых обеспечивает предоставление услуг доступа к сети интернет клиентам общества', 'иметь представление об 1с', 'владение пк и пакетов основных офисных программ на уровне продвинутого пользователя', 'аналитика исходных данных мастер-систем и построение маппингов', 'оптимизация структуры данных', 'взаимодействие с внешними подрядчиками по автоматизации бизнес-процессов на базе платформы 1с', 'умение организовывать и мотивировать команду', 'желание и умение работать в команде не индивидуалист! высокий уровень самоорганизации инициативности активности ориентации на результат обучаемости', 'сопровождение 1с', 'навык разбираться в чужом коде!!!', 'проектирование отказоустойчивых и катастрофоустойчивых систем', 'навыки извлечения бизнес-требований', 'навыки описания бизнес-процессов и вариантов использования', 'понимание основ проектирования баз данных и интерфейсов ит-систем', 'высокие коммуникационные и презентационные навыки', 'теоретические и практические навыки документирования и реинжиниринга бизнес-процессов', 'высокие коммуникативные навыки стрессоустойчивость', 'умение работать в команде', 'наличие сертификатов 1с', 'своевременная модернизация оборудования и по входящего в состав асутп', 'обеспечение безопасности промышленной сети передачи данных', 'проектирование интерфейсов: макеты формы и состояния элементов сценарии', 'обязательность исполнительность умение работать в команде', 'понимание задач и принципов организации проектирования и подготовки производства', 'коммуникативные навыки', 'хорошее понимание spa на основе react/redux', 'коммуникабельность пунктуальность нацеленность на результат умение работать в команде'];64
4;['ms visio', 'ms sql', 'sql', 'ms powerpoint', 'ms office', 'ms project', 'программирование', 'ms project expert', 'ms sharepoint', 'ms visual studio', 'ms dos', '1с программирование', 'умение структурирования и систематизации больших объемов информации ', 'владение английским языком на уровне pre-intermediate (чтение технической литературы деловая переписка)', 'отличные навыки владения пк (autocad ms office)', 'развитые навыки коммуникации и умение отстаивать свою позицию', 'уверенное владение autocad 3d и ms office', 'умение работать в коллективе', 'умение работать с холодными звонками', 'общая грамотность умение структурированно излагать мысли как устно так и письменно', 'основы программирования', 'ответственность умение грамотно и кратко излагать свои мысли в письменной и устной форме навыки коммуникаций стрессоустойчивость инициативность', 'программирование контроллеров и hmi панелей (siemens schneider weintek ge lenze delta)', 'уровень английского не ниже intermediate ', 'умения смотреть на вещи глазами других людей', 'коммуникабельность умение построить рабочие отношения с разными людьми', 'уверенный пользователь пк (ms office outlook autocad (zwcad)) приветствуется владение ms visio', 'умение писать простые sql-запросы – является преимуществом', 'умение четко и структурированно излагать информацию – как устно так и письменно', 'уверенный пользователь ms office', 'программирование контроллеров scada частотных преобразователей', 'умение читать и редактировать электрические схемы', 'программирование современных микроконтроллеров siemens', 'организаторские способности умение управлять коллективом', 'умение грамотно излагать свои мысли устно и письменно', 'пк - продвинутый пользователь: ms office ос семейства microsoft windows   будет плюсом: ', 'программирование в среде разработки microsoft visual studio язык программирования c# с применением технологии &quotnet&quot', 'программирование плк (siemens fastwell owen b&ampr и прочих)', 'умение расставлять приоритеты выделять главное работать в режиме многозадачности', 'владение пк ms office autocad revit', 'умение использовать формы отчетных документов и порядок составления отчетности', 'умение работать с js фрейморками и библиотеками (reactjs)', 'умение разбираться в чужом коде', 'умение работать быстро и технологично', 'пк - уверенный пользователь (ms office primavera ms visio)', 'программирование на управляемых формах', 'хорошее понимание особенностей асинхронного программирования', 'умение работать с продуктами ms office'];32
5;['управление продуктом', 'управление изменениями', '1с: управление холдингом', '1с: управление предприятием', 'техническая документация', '1с: зарплата и управление персоналом', 'контроль качества выполнения разработок внешними подрядчиками в рамках управления изменениями и внедрения новых решений', 'разбор технических проблем которые не смогли быть решены в рамках стандартных процедур участие в расследовании критических инцидентов поиск корневых проблем контроль их устранения', 'управления требованиями', 'управления тестированием и внедрением', 'участвовать в кросс-функциональных проектах компании для развития инструментов обучения', 'поиск программных средств автоматизации бизнес-процесса проекта', 'согласование промежуточных и финальных результатов проекта rpa', 'анализ и описание бизнес-процессов проекта по созданию информационно-аналитической системы', 'подготовка документации по сопровождению процесса реализации проекта', 'защита результатов проекта у заказчика', 'разработка информационного математического и программного обеспечения (scada и/или plc) систем управления', 'разработка и вне6дрение технических решений для организации услуг', 'участие в разработке архитектуры проектных решений после обсуждения задач с бизнес-заказчиком', 'непосредственное программирование ключевых разработок в рамках проекта (минимально)', 'в перспективе - ведение проектов по внедрению других систем на платформе 1с 8', 'создание документации и планов (договора акты календарные планы планов управления и развития)', 'улучшение существующих проектов и бизнес процессов', 'большие и интересные проекты в производстве на 1с:erp комплексные внедрения', 'распределение задач контроль их исполнения инженерными ресурсами выделенных в рамках проекта', 'подготавливает проекты методических материалов инструкций и другой технической документации связанной с созданием и использованием фондов информационного использования асуп', 'управление изменениями бизнес-требований', 'актуализация пользовательской и технической документации', 'разработка технических заданий на автоматизацию', 'создание пользовательской и технической документации', 'планирование и управление бюджетом', 'управление доступом к данным', 'выработка или принятие решений по инженерным архитектурным проектным решениям ведение проектов по унифицированным платформам или решениям', 'подготовка технической документации на по', 'управление проблемами и инцидентами в рамка всех линий поддержки', 'участие в разработке технических решений по автоматизации и оптимизации рабочих процессов', 'навыки управления персоналом', 'организация оперативных совещаний для решения текущих вопросов по реализации проекта контроль выполнения решений принятых на оперативных совещаниях'];4
6;['информационные технологии', 'системный анализ', 'маркетинговый анализ', 'анализ рынка', 'анализ бизнес показателей', 'статистический анализ', 'анализ рисков', 'информационная безопасность', 'анализ кода', 'анализ причин отказов асутп систем противопожарной защиты', 'умение искать компромиссы нести ответственность за принятые решения', 'подготовка и настройка программного обеспечение', 'умение диагностировать проблему и находить оптимальные пути решения', 'способность к анализу поступающих требований', 'описание и формализация бизнес-процессов (проведение интервью с бизнес - пользователями анализ и систематизация полученных сведений)', 'умение вести переговоры и презентации', 'умение выявлять реальные потребности бизнеса и предлагать оптимальные ит-решения для этих задач', 'аналитические способности и умение работать на результат', 'анализ промо-активностей очистка истории расчет профилей сезонности', 'анализ применимости различных математических моделей и методов прогнозирования', 'анализ вариантов изменений в программе нацеленных на достижение бизнес-показателей: прогноз и оценка успеха', 'анализ текущих бизнес процессов (как внутренних так и внешних) и их оптимизация', 'выявление заинтересованных лиц извлечение и анализ бизнес-требований', 'умение находить решения в сложных ситуациях', 'разбор и анализ инцидентов', 'обработка и решение обращений пользователей', 'настройка и тестирование программных решений', 'умение четко и грамотно описывать постановку задачи разработчикам', 'настройка информационных систем', 'анализ эффективности и выработка предложений по совершенствованию бизнес-процессов', 'знание методик разработки технического задания обследования объектов разработки проектирование сопровождение и внедрение проектных решений асутп', 'решение инцидентов посредством удалённого администрирования', 'анализ интерфейсов с целью оптимизации и повышения юзабилити', 'умение принимать собственные обоснованные решения работать на результат', 'взаимодействие с департаментом ит иб и свк пользователями информационных систем sap'];36
7;['проектная документация', 'первичная документация', 'ведение документации', 'контроль исполнения  решений', 'реализация уникальных проектных решений под задачи заказчика', 'анализ требований принятие решений о технической реализации требований оценка технической реализации требований предлагаемой подрядчиками', 'документация: гост пб фнип', 'понимание принципов организации разработки и технической поддержки информационных систем в группе компаний', 'написание технических заданий на основе требований бизнеса способствующих оптимизации и автоматизации процессов', 'системное администрирование и техническая поддержка головного офиса и подразделений организации', 'постановка технических задач программистам', 'создание новых модулей и доработка существующих под бизнес-процессы компании по техническому заданию', 'анализ и экспертиза проектной документации по разделам опс аспт', 'разрабатывает технологические схемы обработки информации по установленным задачам асуп с учетом организационного и технического обеспечения по всем подсистемам', 'разработка эксплуатационной документации в области асу тп', 'участие в приемке и опытно-промышленной эксплуатации реализованных решений', 'оказание услуг по методической и организационно-технической поддержке органам государственной власти рф при планировании и реализации мероприятий в сфере икт и по внедрению икт', 'консультации пользователей и технических специалистов', 'проектирование программных решений и механизмов интеграции оформление проектной документации', 'написание эксплуатационной документации', 'участие в совещаниях с представителями заказчика эксплуатации согласование проектных решений ведение переписки с заказчиком и поставщиками оборудования', 'практические навыки написания технических заданий на модификации', 'принимать задачи от пользователей и писать спецификации на разработку', 'проверка проектно-сметной документации', 'разработка по в составе коллектива разработчиков программного обеспечения', 'управление группами инженеров в области системного администрирования и телекоммуникаций', 'управление сервисами в области системного администрирования и телекоммуникаций', 'сопровождение внедрения изменений тестирование и контроль исполнения решений консультирование сотрудников', 'контроль качества реализации интерфейсных решений', 'участие в ходе подготовки и согласовании договоров с заказчиком', 'анализ бизнес-процессов компании на предмет наличия конфликтов полномочий и разработка компенсирующих контрольных процедур (ккп)', 'экспертная оценка документации сопровождающей изменения в ис sap'];2
8;['знание нормативной документации по разделам эом сс', 'желательно знание как минимум одного из продуктов: wincc', 'приветствуются знания логистических и товарных операций ', 'отличное знание английского языка', 'общие знания плк (программируемые логические контроллеры) и языков программирования', 'знание основ функционирования и построения асутп кипиа', 'знание нормативных документов сп пуэ', 'знание английского языка', 'знание английского языка на уровне intermediate', 'знание основ асутп и средств технологического моделирования ', 'знание рынка комплектующих асу тп ', 'знание архитектуры построения охранно-пожарных систем и систем автоматического пожаротушения знание нормативных требовании рд сп при то эксплуатации и монтаже опс аспт', 'знание и понимание itil', 'базовое знание объектно-ориентированных языков программирования (c# c++) ', 'знание английского языка (предпочтительно)', 'знание областей: складская логистика транспортная логистика цепочки поставки контрактование', 'знание нормативных документов (госты снипы) по разделам эом сс автоматика', 'знание как минимум одной чертежной программы', 'знание английского языка (уровень от intermediate)', 'знания в области тепловой и/или атомной энергетики ', 'знание методик описания тестирования', 'знание встроенного языка sql'];14
9;['формирование функциональных требований запросов на изменения постановка задачи разработчикам', 'рациональный подход к решению задач', 'проектирование новых информационных систем: модель данных функциональная модель техническое задание', 'моделирование rpa решений', 'выявление требований к rpa решениям', 'анализ ис процессов на возможность взаимодействия с ними rpa решения', 'согласование возможности применения rpa решений в ис роботизируемого процесса', 'желателен технический английский но не обязателен ', 'ведение переговоров решение конфликтных ситуаций', 'анализ текущих архитектурных решений определение проблемных мест проектирование изменений', 'создание артефактов по итогам анализа (презентация решения аналитическая записка образ и границы решения бизнес-модель решения)', 'поддержание бизнес-модели решения в актуальном состоянии', 'проведение экспертизы документов используемых в рамках планирования и реализации мероприятий по созданию развитию модернизации и эксплуатации информационных систем и компонентов информационно-телекоммуникационной инфраструктуры', 'техническая поддержка пользователей программных продуктов autocad а также спдс navisworks', 'принятие решений по проектируемым объектам', 'согласование принятых решений в службах заказчика', 'умение составлять и обеспечивать согласование процессной документации (схемы и описание бизнес-процессов операционные инструкции регламенты взаимодействия и пр)', 'обеспечение силами отдела асутп круглосуточной технической поддержки', 'самостоятельность в принятии интерфейсных решений', 'анализ требований заказчика и постановок задач от группы аналитики согласование и обсуждение задачи с аналитиками', 'поиск и сопровождение заказчиков ведение полного цикла продаж: поиск заказчиков проведение переговоров и презентаций анализ и выявление потребностей консультирование по предоставляемым продуктам подготовка и заключение ткп заключение договоров отслеживание сроков оплаты', 'технический английский'];57
10;['разработка инструкций', 'разработка и реализация it-стратегии компании', 'разработка внедрение и сопровождение политики информационной безопасности', 'разработки пользовательских инструкций', 'оформление результатов разработки в соответствии с гост серий 19хххх 24хххх 34хххх', 'разработка проектной документации автоматизация и диспетчеризация инженерного оборудования здания промышленных и гражданских объектов (овик вк эом аскуэ)', 'участие в создании прототипов разработке критически важных участков кода и алгоритмов контроле качества кода', 'участие в активностях по разработке физической модели и реализации витрин данных', 'осуществляет авторский надзор и периодический контроль входящей и исходящей документации', 'стандарты унифицированной системы организационно-распорядительной документации', 'контроль исполнения плана поставок по ключевым точкам (утверждение частного технического задания (чтз) назначение уполномоченной организации согласование плана качества и тд)', 'навыки разработки проектной и рабочей документации', 'дизайн разработка и имплементация бизнес-процессов', 'организация и контроль над разработкой проектной и рабочей документации согласование проектных решений в инстанциях сопровождение экспертиз', 'технологическое обеспечение разработки', 'участие в разработке функциональных требований к информационным системам', 'разработка и поддержка и корпоративной информационной системы', 'документирование разработка инструкций', 'регламентация бизнес-процессов разработка документации (схем регламентов инструкций)', 'возможно разработка нового функционала'];25
11;['разработка по', 'разработка регламентов', 'оценка и утверждение трудоемкости разработок сроков разработки с учетом необходимости доработки смежных компонент и их резервирования', 'реализация проекта в согласованные сроки в рамках выделенного бюджета и с требуемым уровнем качества', 'выявление рисков грозящих проекту организация мероприятий по их устранению или минимизации влияния', 'контроль выполнения задач внешними и внутренними участниками проекта', 'постановка и контроль выполнения задач участниками проекта', 'оформление бизнес-требований к доработкам / разработкам it-систем / модулей', 'портфолио отдельных выполненных проектов где кандидат принимал участие как рп или архитектор', 'постановка и контроль выполнения запросов на изменения (доработка проектов)', 'участие в проекте внедрения системы автоматизированного прогнозирования в качестве ключевого пользователя', 'формирование и контроль планов исполнения обязательств проекта', 'разработка тз', 'разработка первичной проектно-сметной документации', 'разработка отчетов', 'участие в проектах интеграции асутп с другими производственными и учетными системами', 'система контроля и управления доступом', 'разработка витрин и хранимых процедур', 'участие в разработке документации'];1
12;['общий стаж в it - не менее 7 лет опыт работы на должности директора департамента it 3 года', 'опыт работы от 2 лет', 'опыт руководящей работы не менее 1 года', 'опыт работы по направлению деятельности не менее 3-х лет', 'опыт работы с приборами кипиа различных производителей', 'релевантный опыт работы от 5 лет', 'опыт работы руководителем ит-инфраструктуры от 3х лет', 'релевантный опыт работы от 3-х лет', 'опыт работы с регионами', 'желателен опыт работы в fmcg', 'опыт работы по направлению от 3-х лет', 'опыт работы от 1 года', 'опыт работы в аналогичной должности от 3-х лет', 'опыт работы в аналогичной должности не менее 5 лет', 'опыт работы с веб-сервисами (rest soap)', 'опыт работы с xml и json функциями postgresql', 'опыт работы на позиции с аналогичным функционалом не менее 1 года', 'опыт работы на предприятии инженером-конструктором (инженером-технологом)', 'опыт работы с git'];80
13;['участие в проектах внедрения решений аскон', 'разработка и согласование концепции цели и основных этапов проектам ( национальная система маркировки и прослеживаемости товаров) ', 'ведение документации по проектам', 'управление вверенными проектами автоматизации бизнес-процессов компании', 'методологическая поддержка проекта', 'ведение проектной документации и отчетности по проекту', 'ведение проекта на всех стадиях:', 'создание прозрачной среды общения между всеми участниками проекта', 'ведение отчетности по проектам', 'понимание front-end и back-end разработки проектов', 'разработка технической документации', 'разработка блок-схем алгоритмов управления автоматическими системами', 'краткое портфолио выполненных проектов', 'осуществляет подготовку необходимых данных и участвует в составлении технического задания на проектирование асуп и ее отдельных этапов и подсистем в разработке технических и рабочих проектов', 'порядок разработки и оформления технической документации', 'мониторинг и прогноз хода исполнения договорных обязательств по проекту', 'разработка и дизайн-проектной пользовательской и технической документации', 'разработка технической и сопроводительной документации на доработки конфигурации', 'контроль степени удовлетворенности основных стейкхолдеров проекта'];6
14;['разработка технических заданий', 'проектное управление', 'оперативное и стратегическое планирование реализации проекта создания по', 'подготовка и внесение изменений в проекты', 'формирование организация согласования и подписания технических актов по этапам исполнения проектов', 'участие в разработке технических решений при исполнении проекта а также создание новых продуктов и решений для более полного удовлетворения потребностей заказчика', 'обеспечивать своевременную реализацию обучения сотрудников корпоративных продаж согласованным срокам централизованных и локальных проектов', 'осуществление методологической и консультационной поддержки заказчика на протяжении проекта rpa', 'подготовка решений которые повлияют на сроки и затраты по проекту', 'создание необходимой документации по проектам и процессам', 'подготовка технических и коммерческих предложений средств технологического моделирования по проектам асу тп и компьютерных тренажерных комплексов', 'общение с партнерами проектное управление', 'принимает участие в проектах по информатизации информационных технологий  таких как : умный город умная больница', 'разработка проектов в части программного информационного и математического обеспечения', 'управление проектным бюджетом', 'умение читать проекты', 'умение пользоваться сборщиками проектов webpack/npm', 'участие в формировании тз и оценке задач и проектов'];55
15;['знание windows-платформ', 'знание основ функционирования и построения лвс', 'знания схемотехники электротехнических устройств', 'общая компьютерная грамотность знание офисных пакетов', 'базовое знание windows и основных сервисов - ad dhcp dns iis wsus и тд', 'знание норм и стандартов рк', 'базовые знания бухгалтерского учета и налогового учета', 'знание стандартов гост 34 и рд 50', 'знание основных промышленных протоколов (profibus profinet ethercat modbus и других)', 'общее знание uml', 'общее знание xml json – является преимуществом', 'знание windows-платформ на уровне администратора', 'знание устройства персонального компьютера ноутбука сервера', 'знание typescript', 'отличное знание javascript html5 css3', 'знание figma', 'знание типовых конфигураций бп зуп', 'отличные знания javascript'];95
16;['образование - высшее профильное', 'высшее техническое образование со специализацией в области информационных технологий автоматизированных систем управления системного анализа ', 'высшее или среднее техническое образование', 'высшее техническое или инженерное образование со специализацией в области информационных технологий автоматизированных систем управления системного анализа', 'образование: высшее', 'высшее образование (техническое/математическое) выпускники вузов учащиеся последних курсов', 'высшее техническое ', 'высшее образование', 'профильное высшее образование', 'высшее образование (ит)', 'высшее образование по специальности', 'высшее техническое (техническое экономическое менеджмент)', 'высшее профильное образование ', 'высшее специальное образование', 'высшее техническое образование по инженерной специальности (конструктор технолог)'];17
17;['установка и настройка конфигурации по аскон по техническому заданию', 'проработка технических решений и оценка влияния планируемых изменений ит архитектуры на действующие информационные системы', 'процессов управления архитектурой и контроля качества внедрения информационных систем', 'обеспечение разработки и внедрения rpa решений', 'умение проводить презентации и защищать результаты проекта у заказчика', 'специальность: автоматизация и управление информационные системы вычислительная техника и программное обеспечение математическое и компьютерное моделирование', 'взаимодействие с заказчиками и исполнителями согласование проектной технической документации', 'отладка и настройка взаимодействия между 1с бухгалтерия (83) управление торговлей (11) розница и зуп', 'разработка концепции реализуемых систем и обоснование принимаемых проектных решений', 'ввод в эксплуатацию систем управления процессами производства', 'формирование технических заданий на выполнение пир', 'анализ разработка и обоснование проектных решений по запросам на изменение ис', 'разработка и обеспечение процесса согласования процессной документации', 'постановка технического задания разработчикам по'];35
18;['работа с большим объемом информации', 'договорная работа', 'пуско-наладочные работы', 'стаж работы по специальности не менее 1 года', 'распределение работы среди смежных отделов', 'стаж работы от 2-х лет в аналогичной должности либо от 10 системным администратором', 'знать все что касается настройки и работы с пользовательскими ос (win 7 10)', 'возможность развить &quotпрофессиональную мускулатуру&quot работая вместе с профессионалами познакомиться с лучшими практиками', 'работа с гипотезами: формулировка валидация ', 'составление спецификаций ведомостей объемов работ', 'командная работа', 'работа с протоколами: modbus rtu modbus tcp и др', 'возможен прием без опыта работы'];87
19;['управление затратами', 'управление персоналом', 'управление рисками', 'управление холдингом 13', 'оперативное управление департаментом', 'управление it-бюджетом', 'анализ финансовых показателей по проекту', 'создание технической документации по проектам и модулям для ит отдела', 'управление бэклогом', 'анализ доходных/расходных договоров и формирование обязательств для загрузки в систему управления проектами', 'планирование управление изменениями проектов и систем находящихся в продуктивной фазе', 'не менее 5 (пяти) лет на инженерно – технических и руководящих должностях/ не менее 1 (одного) года в должности руководителя проекта '];98
20;['опыт в подготовке отчетных документов понимание правил и опыт ведения документооборота ', 'выполнение пуско-наладочных работ на объекте заказчика', 'контроль сдачи результатов работ в эксплуатацию', 'проведение авторского надзора работа с ген и субподрядными организациями', 'опыт реального использования enterprise architect', 'опыт администрирования платформы windows от 3х лет', 'опыт использования case-средств для моделирования бизнес-требований', 'опыт взаимодействия с органами госвласти', 'подготовка и составление актов выполненных работ (кс-2)', 'участие в организации и курированию работ по проектированию и сооружению аэс как преимущество', 'навыки работы с одной или несколькими системами сапр'];62
21;['желателен опыт тесной работы с командой разработчиков на java', 'опыт работы в сфере проектирования от 3-х', 'опыт работы с инструментами описания и реинжиниринга бизнес-процессов: visio aris и тд', 'опыт работы проектирования в нефтегазовой отрасли от 1-2 лет', 'опыт работы в международных командах', 'опыт работы в проектировании в нефтегазовой отрасли от 5 лет', 'опыт работы в данном направлении от 5-ти лет', 'опыт работы с 1с:pm', 'опыт работы проектирования в нефтегазовой отрасли от 2-3 лет', 'опыт работы с различными средствами мониторинга работы сетей и серверного оборудования', 'желателен опыт работы в команде использовавшей методологию agile'];7
22;['участие в приемочных испытаниях комплексном опробовании объектов завершенных капитальным строительством контроль пуско-наладочных работ в части систем автоматизации систем противопожарной защиты', 'проведение работ по подключению изменению технических параметров подключения и отключению услуг клиентам общества', 'опыт модернизации или внедрения систем асутп', 'выстраивание работы и взаимодействий внутренней команды разработки и сопровождения системы 1с:erp', 'работа на конечный результат по выверенной проектной технологии (собственная разработка с 2001 года)', 'опыт подготовки и проведения презентаций ', 'формулирует постановку задач выполняет работу по их алгоритмизации выявляет возможности типизации решений отдельных элементов системы подготавливает предложения о применении в проектировании асуп типовых блоков и участвует в их создании', 'планирование работ и контроль над исполнением сроков выполнения', 'опыт организации сопровождения (в том числе с использованием подрядчиков) конфигураций 1с', 'выполнение проектных работ в составе проектной группы', 'опыт оптимизации программного кода анализа и поиска причин проблем с производительностью'];9
23;['опыт описания бизнес-процессов навыки написания sql-запросов – как дополнительное преимущество', 'обеспечение качественного и бесперебойного сопровождения работы пользователей', 'обеспечение бесперебойной работы ит-сервисов в зоне ответственности', 'анализ рынка работа с участниками рынка (бизнес агентства студии) ', 'опыт проектирования систем кабельных каналов (лотков) увязки со смежными коммуникациями', 'организация оформления накладных / актов сдачи приемки выполненных работ контрагентов заведение в 1с', 'написание регламентов инструкций по работе autocad', 'проактивность в работе с пользователями развитые устные и письменные коммуникативные навыки', 'оптимизация работы разных баз данных с различными профилями нагрузки совместно с dba и архитекторами прикладных подсистем', 'опыт оптимизации производительности запросов моделей данных и конфигурации субд (конфигурация postgresql шардирование партиционирование и тд)', 'работа с пользователями формирование тз консультация'];10
24;['управление разработкой', 'формирование отчетов по исполнению проекта учет трудозатрат по проектам', 'составление и согласование проектной документации (анкета проекта тз кпг) участие в защите проекта', 'управление проектами (интеграция разработка сопровождение внедрение по) в государственном или коммерческом секторе', 'ресурсное и календарное планирование проекта / группы проектов ', 'проведение регулярных совещаний с внешними участниками проекта по ходу реализации проекта', 'составление планов по разработке и поддержке проектов', 'участие в проекте внедрения erp системы для управления административно-хозяйственной деятельностью банка (смета ахр (планирование исполнение контроль) управление активами (движимое и недвижимое имущество) ', 'организация управления рисками и требованиями проекта', 'организация разработки и выпуска документов по управлению проектом'];40
25;['организация it инфраструктуры для обеспечения бесперебойной работы всех процессов компании', 'обучение сотрудников проектных организаций работе в автоматизированных системах', 'понимание порядка исполнения работ в проектной организации', 'опыт проведения встреч на уровне вторых лиц международных компаний ', 'планирование и контроль исполнения работ', 'разрабатывать инструкции по работе с программами оформлять необходимую документацию', 'подготовка аналитических отчетов о качестве работы', 'опыт взаимодействия с it (написание бизнес-требований постановка тз и тестирование)', 'опыт автоматизации бизнес-процессов (желателен)', 'опыт регламентации и оптимизации бизнес-процессов от 2-х лет'];78
26;['опыт успешной разработки и внедрения программных продуктов в тч erp в торгового-производственных компаниях', 'участие в проведении обследования проектных организаций на предмет текущей автоматизации работ участие в формировании предложений по автоматизации проектной организации', 'практический опыт внедрения систем управления на базе платформы 1с в строительных компаниях', 'опыт программирования на платформе 83 (нужно будет показать одну из выполненных разработок или пройти внутреннее тестирование) в том числе кандидат должен обладать опытом ведения коллективной разработки', 'подтвержденный опыт внедрения автоматизированных информационных систем на производственных предприятиях от 3-х лет портфолио проектной документации', 'опыт проектирования автоматизированных информационно-измерительных систем коммерческого учета электроэнергии (аскуэ аиис куэ) и автоматизированных систем диспетчерского управления (асду)', 'опыт практического решения задач разработки сильно-связанных систем корпоративных систем', 'подготовка исполнительной документации внесение изменений в проектную документацию по факту выполнения работ', 'работа с заказчиками (машиностроение приборостроение) по автоматизации конструирования проектирования и управления инженерными данными на базе решений аскон и партнеров'];22
27;['знания подходов и технологий в области цифровизации', 'приветствуются знания методологии финансового и бухгалтерского учета налогового учета производственного учета процессов бюджетирования ', 'уверенный пользователь пк и знание основ систем наладки', 'знание программных продуктов petro-sim omega land hysys aspenplus aspen one chemcad - будет являться преимуществом ', 'знание технологий и продуктов для web мобильного web', 'профессиональное знание ms office', 'знания по процессу и методам лицензирования компании microsoft', 'знания принципов обеспечения информационной безопасности', 'отличное знание основных графических программ (умение работать с фото adobe photoshop illustrator indesign и другие 3d моделирование и/или веб-дизайн будет преимуществом)'];21
28;['знание ос windows и офисного программного обеспечения на уровне опытного пользователя', 'знание методических и нормативных материалов по вопросам организации асу тп', 'знание видов программного обеспечения асутп', 'знание проектных технологий', 'знание основных подсистем 1с:erp 24 и предметных областей (производственный учет торгово-складской учет расчет зарплаты и кадровый учет бухгалтерский и налоговый учет)', 'знание нормативной базы асу тп ', 'знание программ ms office: word excel powerpoint visio', 'приветствуется знание архитектуры типовых решений 1с', 'знание требований нормативных документов'];91
29;['приветствуется знание английского языка ', 'знание ин языков: английский приветствуется но не обязательно', 'знание промышленных сетей и протоколов передачи данных', 'знание принципов и паттернов проектирования умение применять их на практике', 'хорошее знание и понимание языка запросов 1с', 'знание номенклатуры и принципов монтажа и пуско-наладки применяемого оборудования и материалов', 'знание принципов построения беспроводных локальных вычислительных сетей (wi-fi)', 'знание основных принципов построения сетей передачи данных', 'знание языка программирования 1с'];29
30;['выстраивание коммуникаций в проекте', 'отслеживание рисками проекта', 'координация всех участников проекта', 'прохождение экспертизы проектов', 'порядок разработки проектов асуп и ее подсистем технических заданий технических и рабочих проектов', 'управление рисками проекта разработка и реализация плана компенсирующих мероприятий', 'отчеты по состоянию проекта для управляющих комитетов', 'верстка разработка и улучшение проектов веб-сервисов и мобильных приложений в части frontend', 'документирование проектов'];0
31;['знание sql', 'знание методологий описания бизнес-процессов (epc idef0 dfd aris bpmn и др)', 'знание типовых конфигураций 1с', 'знание современных программно-аппаратных комплексов и систем резервного копирования', 'знание нотаций моделирования бизнес-процессов (bpmn epc)', 'знание руководящих и нормативных документов касающиеся методов программирования и использования вычислительной техники при обработке информации знание нормативных актов и законов относящихся к ит и по', 'знание принципов бухгалтерского и налогового учета', 'знание основ механики метрологии радиотехники электроники электроприборов измерения и систем автоматического регулирования', 'хорошее знание sql и pgsql'];58
32;['опыт работы в области разработки по не менее 5 лет', 'опыт в продажах не менее 6 месяцев', 'желателен опыт на производственных предприятиях химического и нефтеперерабатывающего комплекса - будет преимуществом ', 'управленческий опыт будет преимуществом', 'опыт нормализации справочников контрагентов и материалов', 'опыт чтения и доработки чужого кода', 'опыт написания хранимых процедур', 'опыт работы с etl средствами и разработки etl процессов', 'опыт фронтенд-разработки 3+ года'];26
33;['работа в команде', 'навыки работы с power point photoshop', 'опыт работы с типовыми конфигурациями: 1с:бухгалтерия 1с:ут', 'приветствуется опыт работы шины данных (esb) фреймворка apache camel bpmn ibm filenet линейки ibm websphere продуктов redhad', 'работа в команде разработчиков ', 'навыки работы с программируемыми логическими контроллерами (плк)', 'навыки работы в 3d-пакетах', 'опыт от 3-х лет работы разработчиком баз данных (sql) под postgresql'];66
34;['английский язык', 'уверенные пользователь пк и ms office (обязательны знания: ms word ms excel ms outlook ms visio ms power point ms project)', 'знание стек технологий microsoft (включая sql framework net office exchange и тд) itil itsm шаблоны проектирования методологии ведения проектов и описания процессов', 'умение программировать плк и hmi панели на языках стандарта мэк 61131', 'умение применять на практике языки программирования контроллеров в стандарте iec 61131-3 (контроллеры: siemens allen-bradley honeywell и пр )', 'английский язык – upper intermediate', 'языки программирования (abap с# javascript sql)'];42
35;['технические решения', 'высшее математическое или экономическое образование', 'сбор и анализ бизнес-требований их формализация в функциональные и технические задания с согласованием', 'образование – приветствуется высшее экономическое или техническое', 'техническая грамотность', 'высшее или неоконченное высшее образование', 'прием регистрация и решение обращений поступающих в службу технической поддержки'];16
36;['образование – высшее техническое', 'образование: высшее экономическое / техническое', 'высшее техническое образование', 'оконченное высшее образование (технический / экономический / it профиль)', 'высшее техническое образование инженера кипиа', 'образование высшее (техническое будет преимуществом)', 'высшее (техническое) образование'];88
37;['анализ и оптимизация работы базы данных', 'аналитический склад ума ответственный подход к работе и нацеленность на результат', 'понимание принципов разработки программного обеспечения и работы информационных систем', 'опыт программирования с использованием 1с 82/83 от 2-х лет', 'опыт проектирования отказоустойчивой и катастрофоустойчивой ит инфраструктуры (серверное оборудование системы хранения данных корпоративные сети уровня предприятия виртуальная инфраструктура ит субд)', 'анализ работы информационных систем 1с с использованием технологического журнала', 'опыт проектирования автоматизированных систем (от определения требований и архитектуры включая используемые типы аппаратных платформ до процессов sla производительность отказоустойчивость)'];20
38;['успешный опыт внедрения цифровых проектов и решений', 'участие в процессе разработки по в рамках работ по проектам', 'работа с пакетами по управлению проектами (ms project/ primavera иные)', 'опыт разработки технической документации', 'опыт участия в проекте(ах)в качестве гип', 'организация работы команды проекта и подразделений общества задействованных в реализации проекта'];15
39;['работа с заявками в системе helpdesk', 'участие в пуско-наладочных работах', 'представлять отчеты о состоянии документации и о прогрессе работ', 'контроль за производством работ', 'опыт работы с 1с и системой erp класса'];18
40;['опыт работы в проектной организации или it-компании автоматизирующей процессы проектных организаций (не менее 2 лет)', 'опыт внедрения rpa в банках / финансовых организациях / других отраслях', 'участие в выборе подрядчиков контроль работы подрядных организаций', 'опыт контроля подрядных организаций', 'опыт создания как мобильных так и веб-интерфейсов'];43
41;['подготовка и систематическое ведение отчетных документов о работе проекта: протоколов встреч реестров задач справок для руководства пр', 'участие в изучении причин отказов и нарушений в работе оборудования возникновении несоответствий при исполнении проекта фиксация и ведение базы данных', 'опыт создания конфигурирования и внедрения автоматизированных систем управления', 'опыт разработки документов: бизнес-требования функциональные требования техническое задание технико-экономическое обоснование', 'подтвержденный опыт внедрения 1с:erp на производственном предприятии в качестве руководителя проекта или архитектора'];51
42;['приветствуются знания методологий проектирования и разработки по ', 'обязательны знания жизненного цикла разработки и сопровождения по', 'понимание принципов автоматизации технологических процессов знание основ программирования', 'знание sap mdg или систем 1с в части нси в том числе умение настраивать', 'уверенные навыки и знания в области проектирования и создания локальных вычислительных сетей (лвс)'];50
43;['применение лучших отраслевых практик обеспечение обмена знаниями для решения сложных бизнес-задач реализация решений беспрецендентных задач', 'знание основ проектного управления основ банковской деятельности банковских процессов / банковских информационных систем', 'знание методологий управления и изменения мастер данных', 'уверенные навыки и знания в области системного администрирования и управления сетями', 'приветствуется знание типовых конфигураций erp 24 управление холдингом 13'];28
44;['контроль корректной работы узлов доступа к сети интернет', 'умение подробно вникнуть в работу и понятно описать бизнес-процессы', 'выполнение работ по проектированию систем связи и безопасности (свн скуд сотс ссои скс лвс сктв) на стадиях п и р объекты промышленного и гражданского строительства транспортной инфраструктуры', 'консультации пользователей по работе в autocad', 'обеспечение безотказной работы асутп'];47
45;['приветствуется опыт работы с ml библиотеками в python', 'опыт работы с схд huawei ibm svc storwize v5000 v7000 v9000  ibm flash system серверами bullsequana bsrv k9000 (huawei blade server k9000) lenovo thinksystem sr650 технологии ibm spectrum virtualize ibm spectrum protect', 'опыт работ с autocad ', 'опыт работы в сфере асутп от 4-х лет', 'опыт работы по направлению тестирования по от 3-х лет'];70
46;['работа с базами данных', 'опыт работы с любой реляционной базой данных (ms sql server oracle postgresql и тп)', 'уверенное владение офисными программами ms word ms excel работа с электронной почтой работа в графических редакторах', 'владение навыками работы с персональным компьютером на уровне продвинутый пользователь'];72
47;['руководство командой разработчиков', 'зарплата ничем не ограничена - прямая линейная связь между выручкой команды и зарплатой', 'желание работать в команде', 'руководство командой от 1 года'];71
48;['прагматичный подход к решению задач пунктуальность ответственность стрессоустойчивость коммуникабельность способность быстро воспринимать новые идеи и знания', 'знание стандартов методологии и бизнес-процессов в области управления нси', 'знание автоматизированных систем управления технологическим процессом', 'знание систем диспетчерского управления и сбора данных (scada)'];34
49;['участие в разработке технической документации по проекту внедрения', 'разработка чертежей и текстовых документов по проекту отдельных разделов (частей) проекта', 'формирование отчетности о статусе исполнения обязательств проекта фиксация выполнения в системе управления проектами', 'управление планирование и разработка проектов относящихся к ит системам'];84
50;['техническое сопровождение работы сотрудников проектных организаций в автоматизированных системах', 'работа с заказчиками по вопросам технических заданий изыскательским работам обследованиям технического состояния систем заказчика изучение и анализ необходимой проектной документации', 'понимание интеграции нси со смежными модулями sap (mm sd fi pp и пр) опыт в разработке интеграционных решений с внешними системами', 'работа с технической документацией и сметной документацией по разделам электрика слаботочка автоматика на объектах частного строительства'];49
51;['контроль соблюдения правил разработки критериев оценки качества работы подрядчиков методик оценки трудозатрат по своему направлению', 'опыт в должности системного архитектора или руководителя команды разработки от 1 года', 'опыт разработки на платформе 1с различных версий от 77 до 8* - является плюсом', 'знать предметную области: коммерция (ценообразование работа с поставщиками документооборот управление ассортиментом) финансы бухгалтерия'];19
52;['опыт работы продакт-менеджером от 3-ех лет действующий продукт - web-решение или платформа-агрегатор', 'опыт работы в кредитной / финансовой организации / консалтинге / ит компании не менее 3 лет', 'опыт контроля работы подрядчиков по строительной части (заливка фундаментов простые общестроительные работы) а так же по монтажу технологического оборудования (трубопроводы насосы котельное оборудование)', 'работа с первичной документацией (акты выполненных работ счета-фактуры) заведение заявок на освоение платеж'];38
53;['высшее образование по направлению асу тп', 'высшее техническое образование в области асу тп', 'высшее инженерное образование', 'высшее образование по направлению информационные технологии с курсами повышения квалификации по направлению асутп либо высшее образование по автоматизации технологических процессов '];97
54;['работа с заказчиком от стадии пресейла до реализации и закрытия проекта', 'опыт составления проектной и технической документации', 'планирование и контроль исполнения работ по проекту', 'опыт успешного управления продуктом'];53
55;['знать принципы работы технические характеристики конструктивные особенности используемых технических средств материалов и их свойства', 'опыт внедрения новых информационных систем или их модернизации (сервера физические и виртуальные дисковые массивы аппаратные балансировщики фаерволы)', 'умение рассматривать проектные спецификации административные и технические методы ведения работ инструкции по проектированию генпланы технологические схемы и информацию поставщика', 'опыт внедрения или сопровождения microsoft dynamics ax 2012 в качестве консультанта от 2 лет'];31
56;['контроль выполнения работы', 'контроль работы по автоматизации банковских приложений ', 'опыт работы инженером по автоматизации на производственных предприятиях или в электромонтажных компаниях исследовательских институтах инженером программистом асу тп и пр (иностранные производители) – от 2 лет', 'организация и контроль работы группы тестировщиков'];8
57;['организация претензионной-исковой работы в ао «расу»', 'выполнение пусконаладочных работ при запуске заводов', 'приёмка выполненных работ', 'опыт работы с информационными системами 1с с большим количеством пользователей'];44
58;['опыт работы в проектах по автоматизации бизнес-процессов в ритейле – является преимуществом', 'опыт коллективной разработки', 'опыт разработки дизайна &quotс нуля&quot', 'опыт разработки пользовательских интерфейсов (ux/ui прототипирование концепты)'];12
59;['управление проектами', 'управление рамками бюджетом и ресурсами проекта', 'управление назначенными проектами в сфере коммерческой деятельности'];99
60;['опыт работы в сфере промышленной автоматизации (обязательно)', 'опыт работы в качестве консультант / бизнес-аналитика от 3 лет', 'аналогичный опыт работы в крупных промышленных компаниях от 3-х лет'];83
61;['контроль (ведение) выполняемых работ по проекту', 'командный игрок работа в качестве аналитика на проектах является преимуществом', 'опыт использования по для организации работы на проекте и учета артефактов проекта (ms project devprom redmine jira confluence и тп)'];24
62;['принципы проектирования баз данных', 'понимание основных принципов бухгалтерского управленческого и кадрового учетов', 'понимание принципов функционального программирования'];23
63;['командная работа в рамках проектного управления', 'на назначенных строительных участках обеспечивать поддержку строительства путём разъяснения чертежей и спецификаций и вносить изменения в проект принимает участие в выполнении работ по съёмке строительных площадок проведении измерений принятии актов сдачи-приёмки и других инженерных видов работ на строительном участке', 'опыт разработки интеграционных процедур с внешними системами'];52
64;['приветствуются навыки программирования и работы с mysql', 'понимание принципов работы и подключения основных типов датчиков и исполнительных устройств (пневматические и электрические приводы) умение рассчитывать мощность электрических цепей', 'приветствуются навыки работы с асутп и телеметрией'];45
65;['опыт работы с пользователями (консультирование разработка анализ задач) обязательно', 'участвует в работе по отладке опытной эксплуатации и поэтапному введению в действие комплекса технических средств асуп', 'опыт интеграции с внешними системами'];11
66;['опыт работы в облачном сервисе команде занимающейся веб-разработкой или разработкой игр', 'опыт работы с документацией (требования чтз тз)', 'работа с запросами скд разработка функционала написание отчетов и обработок'];5
67;['принимает участие в работе по совершенствованию документооборота на предприятии формулирует требования к содержанию и построению технической и организационно-распорядительной документации используемой в системе автоматизированного управления производством', 'опыт внедрения и поддержки проектов по автоматизации', 'опыт разработки (реинжиниринга) системы c нуля подготовки технических заданий и всего комплекта документации (или участие)'];67
68;['управление проектами по разработке и внедрению по знание современных методов управления ит проектами знание scrum и kanban методологий', 'высшее профессиональное образование в области информационных технологий', 'высшее образование в области информационных технологий'];33
69;['умение планировать и распределять работу', 'работа в атокадсметных программах майкрософт офис'];59
70;['широкий технический кругозор: знание основных продуктов и решений на рынке it (вычислительная и сетевая инфраструктура схд иб облачные сервисы виртуализация devops развёртывание и поддержка сред программные инфраструктурные решения решения в области управления и мониторинга', 'базовые знания в области управления проектами'];54
71;['знание архитектуры и принципов построения и работы систем асутп', 'знание принципов работы с реляционными базами данных (mysql oracle) '];73
72;['знание технических экономических экологических требований предъявляемых к асутп', 'знание английского языка на уровне чтения технической документации'];39
73;['знание основ сетевого взаимодействия компьютеров вычислительной сети и общих принципы работы каналов передачи данных', 'опыт программирования и знание предметной области (электроника и проектирование печатных плат) - является дополнительным преимуществом'];75
74;['опыт участия в инфраструктурных проектах', 'успешный практический опыт разработки и реализации ит проектов (все этапы)'];13
75;['разработка стандартов проектирования кхд', 'разработка логической и физической модели данных совместно с командами разработки прикладных подсистем'];37
76;['контроль работ на всех этапах проекта', 'опыт управления группами разработчиков и консультантов'];68
77;['опыт работы в системе автоматизированного прогнозирования', 'опыт работы с системами мониторинга zabbix – считается плюсом'];60
78;['знание и опыт разработки на pl/sql sql oracle', 'опыт разработки на языке 1с от 3 лет (знание функционала на уровне специалиста по платформе)'];41
79;['опыт работы с разработкой монтажом эксплуатацией опс аспт', 'опыт групповой разработки опыт работы с хранилищем конфигурации'];93
80;['выполняет работу по проектированию и внедрению автоматизированных систем управления производством (асуп) на основе применения совокупности экономико-математических методов современных средств вычислительной техники коммуникаций и связи элементов теории экономической кибернетики', 'принимать участие в разработке инженерных смет по определенному объему работ для рассмотрения старшим или ведущим инженером'];46
81;['знание принципов работы scada систем', 'понимание архитектуры и механизмов работы субд знание отличительных особенностей postgresql'];27
82;['знание принципов работы протоколов tcp/ip', 'знание принципов работы ip телефонии'];79
83;['знание принципов администрирования ос windows работы и администрирования информационно-вычислительных сетей (домены права доступа пользователи)'];76
84;['подтвержденный опыт участия в создании и/или развитии крупных инженерных или it-проектов приветствуется опыт руководства такими проектами или отдельными направлениями таких проектов '];96
85;['опыт работы с оборудованием yokogawa приветствуется'];82
86;['опыт работы: участие в построении web интерфейсов опыт координации их реализации'];86
87;['профессиональные компетенции: понимание современных технологий в построении web систем хорошие навыки управления сложными проектами и опыт внедрения этих проектов умение работать с большими объемами данных и аналитикой'];56
88;['контроль проведения работ по бесперебойной и технически правильной эксплуатации и техническому обслуживанию средств комплексной автоматизации контрольно-измерительных приборов сопровождением программного обеспечения асутп систем противопожарной защиты'];69
89;['успешный опыт реализации проектов (не менее 3-х лет и не менее 3-х проектов) по интеграции разработке сопровождению и внедрению программного обеспечения в финансовой и банковской сфере'];77
90;['знание законодательных нормативно-правовых и нормативных актов норм и правил регламентирующих разработку и внедрение асутп'];90
91;['опыт управления и работы с ит проектами от 3-х лет'];74
92;['знание методологии разработки проектов'];92
93;['опыт управления программа проектов в иб и/или ит сфере'];61
94;['опыт работы в роли аналитика в проектах разработки и внедрения it-систем от 2 лет'];89
95;['знание архитектур компьютерных сетей знание протоколов передачи данных: industrial ethernet modbus profibus-dp и пр'];63
96;['опыт разработки документации по нси (проектная документация технические задания программистам пользовательские инструкции регламенты и т д)'];94
97;['опыт программирования приветствуется знание языков: java sql pl/sql python pearl ruby groovy go (в том числе с популярными фреймворками)'];81
98;['опыт разработки проектов на reactjs'];65
99;['взаимодействие с куратором проекта руководством структурных подразделений общества а также с высшим руководством общества с целью решения оперативных вопросов возникающих при реализации проекта'];85
