;Required skill
0;управление разработкой
1;бизнес-консультирование
2;управление затратами
3;формирование бюджета
4;управленческое консультирование
5;анализ данных
6;деловая коммуникация
7;бизнес-анализ
8;управление проектами
9;подготовка презентаций
10;управление персоналом
11;работа с большим объемом информации
12;проектное управление
13;банковские процессы
14;цифровизация
15;роботизация rpa
16;rpa
17;информационные технологии
18;обучение и развитие
19;работа в команде
20;cad
21;внедрение информационных систем
22;bim
23;техническая документация
24;тестирование
25;ведение переговоров
26;разработка технических заданий
27;zabbix
28;знание windows-платформ
29;системы мониторинга сетей
30;ms visio
31;ms powerpoint
32;моделирование бизнес процессов
33;ms excel
34;разработка регламентов
35;оптимизация бизнес процессов
36;расчет kpi
37;анализ бизнес показателей
38;big data
39;аналитические способности
40;управление бизнес процессами
41;подготовка презентаций
42;холодные продажи
43;ведение переговоров
44;проведение презентаций
45;прием и распределение телефонных звонков
46;исполнение личных поручений руководителя
47;деловое общение
48;деловая коммуникация
49;консультирование клиентов по телефону
50;холодные звонки
51;активные продажи
52;навыки продаж
53;навыки презентации
54;пользователь пк
55;ms sql
56;python
57;idef
58;uml
59;ms visio
60;системный анализ
61;atlassian jira
62;пользователь пк
63;администрирование серверов
64;администрирование сетевого оборудования
65;организаторские навыки
66;информационные технологии
67;локальные сети
68;ответственность
69;разработка инструкций
70;b2b продажи
71;бизнес-анализ
72;системный анализ
73;информационные технологии
74;автоматизация технологических процессов
75;b2b продажи
76;тренинги
77;обучение персонала
78;обучение и развитие
79;проведение презентаций
80;active directory
81;администрирование серверов windows
82;настройка dns
83;dhcp
84;администрирование сетевого оборудования
85;ведение переговоров
86;проектно-конструкторская деятельность
87;компас-3d
88;сапр
89;проведение семинаров
90;заключение договоров
91;1с программирование
92;1с: ух
93;1с: управление холдингом
94;erp-системы на базе 1с
95;1с: управление предприятием
96;erp
97;rest
98;soap
99;системная интеграция
100;анализ кода
101;обновление конфигурации 1с
102;управление холдингом 13
103;архитектура типовых решений 1с
104;разработка на языке 1с
105;автоматизация
106;автоматизация процессов
107;технические решения
108;uml
109;bpmn
110;управление проектами
111;бизнес-анализ
112;разработка технических заданий
113;управление проектами
114;ms sharepoint
115;sap erp
116;ms sql
117;erp
118;ms sql
119;dwh
120;data lake
121;системный анализ
122;аналитическое мышление
123;sql
124;mysql
125;oracle bi
126;аналитик
127;архитектор хранища данных
128;хранилище данных
129;управление проектами
130;работа в команде
131;деловое общение
132;управление проектами
133;ms project
134;ms powerpoint
135;подготовка презентаций
136;финансовая отчетность
137;автоматизация технологических процессов
138;асу тп
139;сметы
140;контроль качества
141;проектная документация
142;договоры подряда
143;составление смет
144;системы автоматизации
145;системы пожаротушения
146;php 7
147;mysql
148;javascript
149;yii2
150;laravel
151;php5
152;ооп
153;yii
154;1с программирование
155;1c: бухгалтерия
156;1с: зарплата и управление персоналом
157;1c: зарплата и кадры
158;autocad
159;3d
160;ms project
161;управление проектами
162;английский язык
163;деловое общение
164;бизнес-анализ
165;оптимизация бизнес процессов
166;sql
167;php
168;работа в команде
169;ms sql
170;mysql
171;sql
172;postgresql
173;oracle
174;договорная работа
175;составление договоров
176;договоры поставки
177;бюджетирование
178;автоматизация
179;пользователь пк
180;грамотная речь
181;разработка инструкций
182;закупка оргтехники и оборудования
183;расстановка приоритетов
184;активные продажи
185;навыки продаж
186;поиск и привлечение клиентов
187;работа в команде
188;b2b продажи
189;работа с возражениями
190;ориентация на результат
191;информационные технологии
192;cad
193;uml
194;bpmn
195;atlassian jira
196;бизнес-анализ
197;sql
198;работа в команде
199;use case analysis
200;ms sql
201;xml
202;json api
203;управление проектами
204;bpmn
205;uml
206;бизнес-анализ
207;управление изменениями
208;моделирование бизнес процессов
209;oracle
210;oracle pl/sql
211;pl+
212;ibso
213;javascript
214;java
215;oracle pl/sql
216;sql
217;oracle
218;c++
219;oracle 11g
220;autocad
221;проектирование
222;soc
223;s-grc
224;irp
225;security intelligence
226;security vision
227;сзи
228;аудит безопасности
229;суиб
230;разработка технорабочей документации
231;сопровождение систем информационной безопасности
232;аудит
233;сетевые технологии
234;разработка технических заданий
235;аудит испдн
236;иб
237;информационная безопасность
238;аналитика
239;siem
240;1с программирование
241;1с: документооборот
242;1с: зарплата и управление персоналом
243;1с: комплексная автоматизация
244;pascal
245;активные продажи
246;холодные продажи
247;b2b продажи
248;проведение презентаций
249;работа с большим объемом информации
250;управление проектами
251;ms project
252;подготовка презентаций
253;ms visio
254;навыки презентации
255;scad
256;создание пользовательского интерфейса по
257;quality assurance
258;тестирование по
259;проектирование печатных плат
260;программирование
261;методика описания тестирования
262;тест-план
263;разработка проектной документации
264;autocad
265;кипиа
266;проектирование кипиа
267;autocad
268;автоматизация
269;проектная документация
270;автоматизация технологических процессов
271;ms office
272;python
273;администрирование серверов linux
274;linux
275;bash
276;postgresql
277;1с: документооборот
278;sql
279;1c: бухгалтерия
280;1с программирование
281;1с: комплексная автоматизация
282;обновление конфигурации 1с
283;базы данных
284;1c: финансы
285;cистемы управления базами данных
286;ms visio
287;оптимизация бизнес-процессов
288;ms project
289;проектный менеджмент
290;бизнес-анализ
291;bpmn
292;iso
293;autocad
294;c++
295;matlab
296;mathcad
297;delphi
298;autocad
299;3d
300;проектирование
301;1c erp
302;ms excel
303;обучение и развитие
304;разработка технических заданий
305;управленческое консультирование
306;информационные технологии
307;деловая коммуникация
308;планирование
309;управление разработкой
310;реинжиниринг бизнес-процессов
311;ms visio
312;erp systems
313;1с: документооборот
314;разработка инструкций
315;настройка пк
316;настройка по
317;настройка сетевых подключений
318;администрирование сетевого оборудования
319;настройка серверов
320;настройка dns
321;техническое обслуживание
322;администрирование серверов
323;информационные технологии
324;администрирование серверов windows
325;настройка asterisk
326;настройка sip-телефонии
327;настройка voip-оборудования
328;настройка unix систем
329;настройка облачных атс
330;asterisk
331;linux
332;сервер
333;интеграция с crm
334;установка asterisk
335;настройка ip-телефонов
336;подключение операторов связи
337;настройка voip-оборудования
338;работа в команде
339;администрирование серверов linux
340;администрирование сайтов
341;технические системы и средства безопасности
342;ведение документации
343;обучение и развитие
344;разработка технических заданий
345;английский язык
346;пользователь пк
347;1с: документооборот
348;грамотность
349;грамотная речь
350;организационное проектирование
351;ms office
352;itsm
353;itil
354;sql
355;компас-3d
356;грамотность
357;компас
358;чтение чертежей
359;системный анализ
360;case-
361;agile
362;waterfall
363;uml
364;программирование
365;автоматизация
366;automation
367;асутп
368;автоматизация технологических процессов
369;автоматизация производства
370;plc
371;scada
372;hmi
373;wincc
374;siemens
375;simatic
376;step7
377;tiaportal
378;s7-1200
379;s7-1500
380;logo!
381;schneider
382;ge
383;generalelectric
384;weintek
385;delta
386;пресейл-инженер
387;системный архитектор
388;инфраструктурное оборудование
389;сервер
390;система хранения данных
391;схд
392;ленточные библиотеки
393;арм
394;виртуализация
395;фз-44
396;инфраструктурное по
397;проектирование
398;информационные технологии
399;autocad
400;проектная документация
401;подготовка отчетов
402;организация рабочих мест
403;ведение документации
404;autocad
405;инженерные системы
406;проектная документация
407;git
408;javascript
409;rest
410;redux
411;erp 2
412;sql
413;react
414;разработка и реализация it-стратегии компании
415;организация it инфраструктуры для обеспечения бесперебойной работы всех процессов компании
416;анализ трендов по цифровизации и их прикладное использование для бизнес-процессов компании
417;внедрение и сопровождение всех программных продуктов
418;разработка внедрение и сопровождение политики информационной безопасности
419;оперативное управление департаментом
420;формирование годовых и оперативных планов подразделения подготовка отчетов
421;управление it-бюджетом
422;организация закупок it
423;образование - высшее профильное
424;общий стаж в it - не менее 7 лет опыт работы на должности директора департамента it 3 года
425;опыт успешной разработки и внедрения программных продуктов в тч erp в торгового-производственных компаниях
426;знания подходов и технологий в области цифровизации
427;успешный опыт внедрения цифровых проектов и решений
428;базовое понимание основных языков разработки
429;прагматичный подход к решению задач пунктуальность ответственность стрессоустойчивость коммуникабельность способность быстро воспринимать новые идеи и знания
430;минимум ошибок в период запуска программного продукта в опытную эксплуатацию
431;управление вверенными проектами автоматизации бизнес-процессов компании
432;составление и согласование проектной документации (анкета проекта тз кпг) участие в защите проекта
433;постановка и контроль выполнения задач участниками проекта
434;поиск программных средств автоматизации бизнес-процесса проекта
435;переговоры с вендорами поставщиками услуг автоматизации
436;проектирование новых информационных систем: модель данных функциональная модель техническое задание
437;организация разработки информационных систем участие в первичном тестировании
438;разработка и согласование концепции цели и основных этапов проектам ( национальная система маркировки и прослеживаемости товаров) 
439;реализация проекта в согласованные сроки в рамках выделенного бюджета и с требуемым уровнем качества
440;ведение документации по проектам
441;разработка методических документов материалов для представления в федеральные органы исполнительной власти
442;оперативное и стратегическое планирование реализации проекта создания по
443;определение возможности использования готовых программных продуктов
444;подготовка и проведение презентаций
445;подготовка и внесение изменений в проекты
446;подготовка и систематическое ведение отчетных документов о работе проекта: протоколов встреч реестров задач справок для руководства пр
447;выявление рисков грозящих проекту организация мероприятий по их устранению или минимизации влияния
448;контроль выполнения задач внешними и внутренними участниками проекта
449;подтвержденный опыт участия в создании и/или развитии крупных инженерных или it-проектов приветствуется опыт руководства такими проектами или отдельными направлениями таких проектов 
450;умение структурирования и систематизации больших объемов информации 
451;опыт проведения встреч на уровне вторых лиц международных компаний 
452;опыт в подготовке отчетных документов понимание правил и опыт ведения документооборота 
453;грамотная устная и письменная речь 
454;приветствуется знание английского языка 
455;приветствуются знания методологий проектирования и разработки по 
456;приветствуются знания методологии финансового и бухгалтерского учета налогового учета производственного учета процессов бюджетирования 
457;приветствуются знания логистических и товарных операций 
458;планировать деятельность подразделения
459;обеспечение разработки и внедрения rpa решений
460;моделирование rpa решений
461;выявление требований к rpa решениям
462;согласование промежуточных и финальных результатов проекта rpa
463;анализ ис процессов на возможность взаимодействия с ними rpa решения
464;согласование возможности применения rpa решений в ис роботизируемого процесса
465;осуществление методологической и консультационной поддержки заказчика на протяжении проекта rpa
466;организация тестирования и проведение опытной эксплуатации реализованного роботизированного процесса
467;опыт работы в кредитной / финансовой организации / консалтинге / ит компании не менее 3 лет
468;опыт руководящей работы не менее 1 года
469;опыт внедрения rpa в банках / финансовых организациях / других отраслях
470;опыт разработки документов: бизнес-требования функциональные требования техническое задание технико-экономическое обоснование
471;знание основ проектного управления основ банковской деятельности банковских процессов / банковских информационных систем
472;образование: высшее экономическое / техническое
473;позитивную рабочую атмосферу дружный коллектив
474;участие в проектах внедрения решений аскон
475;участие в проведении обследования проектных организаций на предмет текущей автоматизации работ участие в формировании предложений по автоматизации проектной организации
476;реализация уникальных проектных решений под задачи заказчика
477;участие в разработке технической документации по проекту внедрения
478;установка и настройка конфигурации по аскон по техническому заданию
479;обучение сотрудников проектных организаций работе в автоматизированных системах
480;техническое сопровождение работы сотрудников проектных организаций в автоматизированных системах
481;высшее или среднее техническое образование
482;опыт работы в проектной организации или it-компании автоматизирующей процессы проектных организаций (не менее 2 лет)
483;знание принципов администрирования ос windows работы и администрирования информационно-вычислительных сетей (домены права доступа пользователи)
484;понимание порядка исполнения работ в проектной организации
485;хорошо развитые коммуникативные способности
486;готовность к командировкам
487;обучение за счет компании
488;управление проектами (интеграция разработка сопровождение внедрение по) в государственном или коммерческом секторе
489;работа с заказчиком от стадии пресейла до реализации и закрытия проекта
490;участие в выборе подрядчиков контроль работы подрядных организаций
491;умение проводить презентации и защищать результаты проекта у заказчика
492;формирование проектной команды
493;выстраивание коммуникаций в проекте
494;управление рамками бюджетом и ресурсами проекта
495;отслеживание рисками проекта
496;контроль разработанных решений согласно требованиям
497;планирование и контроль исполнения работ
498;ведение проектной документации и отчетности по проекту
499;защита результатов проекта у заказчика
500;участие в процессе разработки по в рамках работ по проектам
501;ресурсное и календарное планирование проекта / группы проектов 
502;участие по необходимости в пресейлах компании (оценка сроков подготовка кп ресурсное планирование) 
503;успешный опыт реализации проектов (не менее 3-х лет и не менее 3-х проектов) по интеграции разработке сопровождению и внедрению программного обеспечения в финансовой и банковской сфере
504;знание проектных технологий
505;опыт составления проектной и технической документации
506;аналитические способности
507;навыки делового общения
508;стремление к саморазвитию и освоению новых технологий
509;ответственность коммуникабельность инициативность нацеленность на результат наличие организаторских способностей
510;понимание принципов современной разработки по (девопс микросервисная архитектура)
511;прием регистрация и решение обращений поступающих в службу технической поддержки
512;проведение первичной диагностики определение причины инцидентов
513;решение инцидентов посредством удалённого администрирования
514;эскалация заявок соответствующим ответственным лицам
515;высшее техническое образование
516;опыт работы с системами мониторинга zabbix – считается плюсом
517;знание windows-платформ на уровне администратора
518;знание основных принципов построения сетей передачи данных
519;разработка и внедрение новых бизнес-процессов регламентов инструкций
520;описание поддержание актуализация и контроль соблюдения существующих бизнес-процессов регламентов
521;аудит бизнес-процессов и регламентов компании
522;расчет и анализ контрольных показателей бизнес-процессов
523;формирования аналитических отчетов по запросам руководителя
524;расчет премий kpi
525;повышение эффективности работы сотрудников путем автоматизации бизнес-процессов и регламентов компании
526;разработка бизнес требований для информационных систем компании тестирование информационных систем компании
527;тестирование модулей информационных систем и инструментов автоматизации
528;проектная деятельность - разработка стратегий оптимизации планирование работ подготовка презентаций руководству компании предлагаемых решений
529;внедрение новых бизнес-процессов подготовка презентаций видео-обучений сотрудникам компании
530;участие в других hr-проектах (замер вовлеченности система оценки материальная и нематериальная мотивация нормирование труда hr-бюджет hr-метрики статистика и проч)
531;поиск и привлечение новых клиентов
532;проведение презентации и переговоров
533;составление коммерческих предложении
534;обслуживание клиентов компании
535;холодные звонки
536;выполнение плана по продажам
537;опыт в продажах не менее 6 месяцев
538;умение работать в коллективе
539;коммуникабельность
540;быстро обучаемость
541;умение работать с холодными звонками
542;умение вести переговоры и презентации
543;телефонные переговоры
544;навыки продаж
545;пользователь пк
546;поиск новых клиентов
547;деловое общение
548;взаимодействие с бизнес пользователями функциональными заказчиками сбор требований на автоматизацию бизнес-процессов
549;анализ требований принятие решений о технической реализации требований оценка технической реализации требований предлагаемой подрядчиками
550;проработка технических решений и оценка влияния планируемых изменений ит архитектуры на действующие информационные системы
551;формирование функциональных требований запросов на изменения постановка задачи разработчикам
552;оценка и утверждение трудоемкости разработок сроков разработки с учетом необходимости доработки смежных компонент и их резервирования
553;контроль соблюдения правил разработки критериев оценки качества работы подрядчиков методик оценки трудозатрат по своему направлению
554;контроль качества выполнения разработок внешними подрядчиками в рамках управления изменениями и внедрения новых решений
555;участие в тестировании приемо-сдаточных испытаниях (нагрузочных регрессионных тестированиях)
556;разбор технических проблем которые не смогли быть решены в рамках стандартных процедур участие в расследовании критических инцидентов поиск корневых проблем контроль их устранения
557;высшее техническое или инженерное образование со специализацией в области информационных технологий автоматизированных систем управления системного анализа
558;процессов управления архитектурой и контроля качества внедрения информационных систем
559;основных механизмов платформы 1с предприятие 83
560;бизнес-процессов инжиниринговых строительных компаний
561;методологии idef epc uml bpmn 20
562;управления требованиями
563;формирование требований к автоматизации бизнес-процессов строительных компаний
564;исследования и анализа данных
565;моделирования процессов
566;проектирования ис
567;управления тестированием и внедрением
568;разработки пользовательских инструкций
569;практический опыт внедрения систем управления на базе платформы 1с в строительных компаниях
570;блоки учета: строительство складская логистика транспортная логистика регламентированный и управленческий учет
571;формирования требований к автоматизации бизнес-процессов строительных или проектных организаций
572;моделирования и реинжиниринга бизнес-процессов
573;деловые коммуникации с функциональными заказчиками и ит подрядчиками
574;обязательно: word excel powerpoint и visio
575;разработка разделов тз и документов трп
576;размещение оборудования контроль поступления и сборки организация испытаний и последующей отгрузки
577;формирование отчетов по исполнению проекта учет трудозатрат по проектам
578;участие в изучении причин отказов и нарушений в работе оборудования возникновении несоответствий при исполнении проекта фиксация и ведение базы данных
579;формирование организация согласования и подписания технических актов по этапам исполнения проектов
580;участие в разработке технических решений при исполнении проекта а также создание новых продуктов и решений для более полного удовлетворения потребностей заказчика
581;разработка нестандартных приложений для интеграции систем автоматизации
582;продвижение систем асу тп компании yokogawa (плк / кип)
583;опыт работы в сфере промышленной автоматизации (обязательно)
584;опыт создания конфигурирования и внедрения автоматизированных систем управления
585;знания схемотехники электротехнических устройств
586;опыт работы с оборудованием yokogawa приветствуется
587;знание методических и нормативных материалов по вопросам организации асу тп
588;общие знания плк (программируемые логические контроллеры) и языков программирования
589;по: microsoft office visio power point
590;документация: гост пб фнип
591;владение английским языком на уровне pre-intermediate (чтение технической литературы деловая переписка)
592;умение планировать и распределять работу
593;внимательность к деталям
594;рациональный подход к решению задач
595;ответственность
596;инициативность
597;самостоятельность
598;опыт внедрения или сопровождения microsoft dynamics ax 2012 в качестве консультанта от 2 лет
599;реальные результаты внедрения сопровождения microsoft dynamics ax
600;практические навыки написания технических заданий на модификации
601;креативный подход в тестировании модификаций
602;проактивность в работе с пользователями развитые устные и письменные коммуникативные навыки
603;принимать задачи от пользователей и писать спецификации на разработку
604;тестировать модификации
605;настраивать системы
606;консультировать поддерживать и обучать пользователей
607;писать инструкции пользователям
608;обеспечение сопровождения и развития информационных систем
609;технологическое обеспечение разработки
610;документирование/контроль документирования ис
611;контроль выполнения/выполнение запросов заказчика по вопросам использования ис
612;анализ разработка и обоснование проектных решений по запросам на изменение ис
613;согласование запросов на изменение с заказчиком
614;проверка реализации/тестирование запросов на изменение в ис
615;управление доступом к данным
616;аудит конфигураций ис
617;высшее профессиональное образование в области информационных технологий
618;опыт работы по направлению от 3-х лет
619;опыт работы с типовыми конфигурациями: 1с:бухгалтерия 1с:ут
620;опыт групповой разработки опыт работы с хранилищем конфигурации
621;опыт разработки интеграционных процедур с внешними системами
622;опыт работы с документацией (требования чтз тз)
623;опыт чтения и доработки чужого кода
624;знание принципов бухгалтерского и налогового учета
625;умение грамотно излагать свои мысли устно и письменно
626;культура корпоративной переписки
627;пк - продвинутый пользователь: ms office ос семейства microsoft windows   будет плюсом: 
628;анализ работы информационных систем 1с с использованием технологического журнала
629;опыт работы с 1с:pm
630;начальный уровень администрирования mssql
631;опыт организации сопровождения (в том числе с использованием подрядчиков) конфигураций 1с
632;презентационные навыки (навыки ясной и структурированной презентации информации публичных выступлений проведения обучения)
633;web/http – сервисы xdto 
634;опыт работы в качестве консультант / бизнес-аналитика от 3 лет
635;оконченное высшее образование (технический / экономический / it профиль)
636;опыт работы с инструментами описания и реинжиниринга бизнес-процессов: visio aris и тд
637;знание методологий описания бизнес-процессов (epc idef0 dfd aris bpmn и др)
638;предпочтительно наличие опыта сфере финансов страхования или ритейле
639;командный игрок работа в качестве аналитика на проектах является преимуществом
640;умение диагностировать проблему и находить оптимальные пути решения
641;способность к анализу поступающих требований
642;владение пк и пакетов основных офисных программ на уровне продвинутого пользователя
643;развитые навыки коммуникации и умение отстаивать свою позицию
644;аналитический склад ума ответственный подход к работе и нацеленность на результат
645;описание и формализация бизнес-процессов (проведение интервью с бизнес - пользователями анализ и систематизация полученных сведений)
646;анализ и реинжиниринг действующих бизнес-процессов в компании
647;оформление бизнес-требований к доработкам / разработкам it-систем / модулей
648;формирование тестовых сценариев и проведение тестирования функционала it-систем
649;написание пользовательских тест-кейсов программы и методики испытаний информационных систем/модулей
650;написание регламентных документов (рабочие инструкции руководства пользователей инструкции)
651;оформление презентации и подготовка отчетов
652;проведение работ по подключению изменению технических параметров подключения и отключению услуг клиентам общества
653;конфигурирование оборудования узлов доступа к сети интернет
654;контроль корректной работы узлов доступа к сети интернет
655;разработка и вне6дрение технических решений для организации услуг
656;ликвидация простоев предоставления услуг
657;разрабатывать инструкции по работе с программами оформлять необходимую документацию
658;поддержание работоспособности оборудования узлов доступа к сети интернет филиала совокупность которых обеспечивает предоставление услуг доступа к сети интернет клиентам общества
659;администрировать и пользоваться средствами компьютерной и вычислительной техники коммуникации и связи
660;работать с программами microsoft word microsoft excelmicrosoft outlook microsoft visio internet электронный документооборот эвридок
661;высшее образование
662;специальность: автоматизация и управление информационные системы вычислительная техника и программное обеспечение математическое и компьютерное моделирование
663;стаж работы по специальности не менее 1 года
664;знать принципы работы технические характеристики конструктивные особенности используемых технических средств материалов и их свойства
665;образование: высшее
666;знание ин языков: английский приветствуется но не обязательно
667;опыт работы: участие в построении web интерфейсов опыт координации их реализации
668;профессиональные компетенции: понимание современных технологий в построении web систем хорошие навыки управления сложными проектами и опыт внедрения этих проектов умение работать с большими объемами данных и аналитикой
669;личные качества: коммуникативные способности системное мышление умение налаживать и поддерживать конструктивные отношения публичность
670;разработка эксплуатационной документации в области асу тп
671;обеспечивать своевременную реализацию обучения сотрудников корпоративных продаж согласованным срокам централизованных и локальных проектов
672;анализировать влияние проведенного обучения на целевые показатели продаж/ поддержки продаж b2b
673;участвовать в кросс-функциональных проектах компании для развития инструментов обучения
674;обеспечивать выполнение поручений своего руководителя и руководства компании
675;участие в проекте внедрения системы автоматизированного прогнозирования в качестве ключевого пользователя
676;анализ промо-активностей очистка истории расчет профилей сезонности
677;выявление дополнительных факторов влияющих на точность прогноза и проверка гипотез
678;поиск возможных точек роста качества прогноза
679;анализ применимости различных математических моделей и методов прогнозирования
680;опыт взаимодействия с it (написание бизнес-требований постановка тз и тестирование)
681;приветствуется опыт работы с ml библиотеками в python
682;опыт работы в системе автоматизированного прогнозирования
683;системное администрирование и техническая поддержка головного офиса и подразделений организации
684;обеспечение стабильности функционирования парка пк серверов оргтехники специализированного оборудования и телефонии
685;обеспечение качественного и бесперебойного сопровождения работы пользователей
686;обеспечение бесперебойной работы ит-сервисов в зоне ответственности
687;устранение и участие в устранении нарушений в функционировании сервисов систем и серверов
688;оптимизация производительности и безопасности сервисов систем и серверов
689;высшее техническое образование
690;стаж работы от 2-х лет в аналогичной должности либо от 10 системным администратором
691;базовое знание windows и основных сервисов - ad dhcp dns iis wsus и тд
692;знать все что касается настройки и работы с пользовательскими ос (win 7 10)
693;настройка proxy подключение сетевого диска и тп
694;эцп сертификаты крипто-про и прочее
695;иметь представление об 1с
696;знание основ сетевого взаимодействия компьютеров вычислительной сети и общих принципы работы каналов передачи данных
697;контроль проведения работ по бесперебойной и технически правильной эксплуатации и техническому обслуживанию средств комплексной автоматизации контрольно-измерительных приборов сопровождением программного обеспечения асутп систем противопожарной защиты
698;участие в приемочных испытаниях комплексном опробовании объектов завершенных капитальным строительством контроль пуско-наладочных работ в части систем автоматизации систем противопожарной защиты
699;анализ причин отказов асутп систем противопожарной защиты
700;обеспечение ведения статистической отчетности по автоматизированным системам в зоне своей ответственности
701;выполнение требований законодательных и иных нормативных правовых актов рф контроль соблюдения лнд компании и общества в области асутп и кип
702;высшее образование по направлению асу тп
703;опыт работы по направлению деятельности не менее 3-х лет
704;знание видов программного обеспечения асутп
705;знание архитектуры и принципов построения и работы систем асутп
706;знание промышленных сетей и протоколов передачи данных
707;опыт работы с приборами кипиа различных производителей
708;анализ и описание бизнес-процессов проекта по созданию информационно-аналитической системы
709;формирование функциональных требований к системе
710;контроль (ведение) выполняемых работ по проекту
711;методологическая поддержка проекта
712;подготовка документации по сопровождению процесса реализации проекта
713;высшее образование (техническое/математическое) выпускники вузов учащиеся последних курсов
714;уверенные пользователь пк и ms office (обязательны знания: ms word ms excel ms outlook ms visio ms power point ms project)
715;опыт описания бизнес-процессов навыки написания sql-запросов – как дополнительное преимущество
716;работа с заказчиками (машиностроение приборостроение) по автоматизации конструирования проектирования и управления инженерными данными на базе решений аскон и партнеров
717;поиск и сопровождение заказчиков ведение полного цикла продаж: поиск заказчиков проведение переговоров и презентаций анализ и выявление потребностей консультирование по предоставляемым продуктам подготовка и заключение ткп заключение договоров отслеживание сроков оплаты
718;ведение базы данных заказчиков (обновление пополнение базы)
719;участие в маркетинговых мероприятиях (семинары выставки конференции)
720;высшее техническое образование по инженерной специальности (конструктор технолог)
721;понимание задач и принципов организации проектирования и подготовки производства
722;опыт работы на предприятии инженером-конструктором (инженером-технологом)
723;навыки работы с одной или несколькими системами сапр
724;готовность к командировкам
725;коммуникативные навыки
726;настойчивость активная жизненная позиция
727;распределение задач контроль их исполнения инженерными ресурсами выделенных в рамках проекта
728;ведение переговоров консультирование заказчиков
729;опыт проектирования отказоустойчивой и катастрофоустойчивой ит инфраструктуры (серверное оборудование системы хранения данных корпоративные сети уровня предприятия виртуальная инфраструктура ит субд)
730;опыт внедрения новых информационных систем или их модернизации (сервера физические и виртуальные дисковые массивы аппаратные балансировщики фаерволы)
731;знание стандартов гост 34 и рд 50
732;знание современных программно-аппаратных комплексов и систем резервного копирования
733;проектирование отказоустойчивых и катастрофоустойчивых систем
734;аудит инфраструктуры заказчиков
735;опыт участия в проекте(ах)в качестве гип
736;опыт работы с схд huawei ibm svc storwize v5000 v7000 v9000  ibm flash system серверами bullsequana bsrv k9000 (huawei blade server k9000) lenovo thinksystem sr650 технологии ibm spectrum virtualize ibm spectrum protect
737;базисное программное обеспечение oracle db rac asm oracle fusion middleware postgrespro
738;участие в разработке технических решений по автоматизации и оптимизации рабочих процессов
739;создание новых объектов конфигурации модификация и обновление существующих
740;разработка технической и сопроводительной документации на доработки конфигурации
741;соблюдение стандартов поддержки и модификации системы по sla
742;тестирование собственных разработок
743;устранение ошибок функциональности 
744;работа в команде разработчиков 
745;высшее техническое образование
746;опыт разработки на языке 1с от 3 лет (знание функционала на уровне специалиста по платформе)
747;опыт работы с веб-сервисами (rest soap)
748;опыт интеграции с внешними системами
749;опыт работы с информационными системами 1с с большим количеством пользователей
750;опыт оптимизации программного кода анализа и поиска причин проблем с производительностью
751;приветствуется знание типовых конфигураций erp 24 управление холдингом 13
752;опыт коллективной разработки
753;умение работать в команде
754;приветствуется знание архитектуры типовых решений 1с
755;наличие сертификатов 1с
756;разбор и анализ инцидентов
757;обработка и решение обращений пользователей
758;консультации пользователей и технических специалистов
759;проектирование настройка тестирование изменений
760;актуализация пользовательской и технической документации
761;исследование бизнес-процессов и требований к автоматизации
762;разработка технических заданий на автоматизацию
763;проектирование программных решений и механизмов интеграции оформление проектной документации
764;настройка и тестирование программных решений
765;создание пользовательской и технической документации
766;обучение и консультации пользователей
767;высшее или неоконченное высшее образование
768;опыт автоматизации бизнес-процессов (желателен)
769;уверенный пользователь ms office
770;понимание основ проектирования баз данных и интерфейсов ит-систем
771;умение четко и грамотно описывать постановку задачи разработчикам
772;подача инициатив по повышению эффективности производственных процессов 
773;высшее образование по направлению информационные технологии с курсами повышения квалификации по направлению асутп либо высшее образование по автоматизации технологических процессов 
774;опыт работы на позиции с аналогичным функционалом не менее 1 года
775;опытный пользователь пк
776;управление планирование и разработка проектов относящихся к ит системам
777;разработка тз
778;определение проектных задач и необходимых ресурсов
779;создание проектных планов
780;координация проектных команд и консультантов
781;управление проектным бюджетом
782;контроль качества по
783;отчеты по состоянию проекта для управляющих комитетов
784;планирование управление изменениями проектов и систем находящихся в продуктивной фазе
785;администрирование облачной платформы
786;дизайн разработка и имплементация бизнес-процессов
787;консультации конечным пользователям и департаментам
788;английский язык – upper intermediate
789;профессиональное знание ms office
790;высокие коммуникационные и презентационные навыки
791;знание руководящих и нормативных документов касающиеся методов программирования и использования вычислительной техники при обработке информации знание нормативных актов и законов относящихся к ит и по
792;управление проектами по разработке и внедрению по знание современных методов управления ит проектами знание scrum и kanban методологий
793;планирование и управление бюджетом
794;архитектура современных erp систем
795;дизайн разработка и имплементация бизнес-процессов
796;разработка и дизайн-проектной пользовательской и технической документации
797;командная работа
798;знание и понимание itil
799;знание методологий управления и изменения мастер данных
800;знания по процессу и методам лицензирования компании microsoft
801;опыт управления группами разработчиков и консультантов
802;опыт работы в международных командах
803;желателен опыт работы в fmcg
804;sap erp
805;edi/эдо электронные каталоги b2b внутренний документооборот
806;dynamics 365 и sharepoint
807;языки программирования (abap с# javascript sql)
808;готовить документацию по процессам
809;инициировать изменения в случае выявления возможности оптимизации и автоматизации
810;осуществлять выбор нужного решения под новые продукты (процесс продажи система и пр)
811;принимать решение по выбору ит решения и партнера для него для внедрения изменений
812;организовывать изменение процессов в блоке в рамках федеральных проектов
813;логическое мышление коммуникабельность умение добиваться результата самостоятельность
814;уверенный пользователь пк: отличные знания word excel visio powerpoint project erp систем
815;опыт работы business-process manager’ом бизнес-аналитиком обязателен
816;проектирование конструкторской документации асу (схемы структурные электрические принципиальные сборочные чертежи спецификации) 
817;программирование контроллеров siemens s7-1200 s7-1500 языки программирования lad fbd stl 
818;программирование и настройка приводов sinamics yaskawa 
819;программирование панелей оператора в среде программирования tiaportal wincc flexible  
820;программирование верхнего уровня в среде wincc 
821;работа с полевыми протоколами передачи данных profinet modbus profinet 
822;подбор и настройка оборудования передачи данных сети ethernet 
823;разработка руководства по эксплуатации руководства и инструкции оператора 
824;ведение шеф-монтажных и пусконаладочных работ 
825;высшее техническое образование 
826;знания и опыт работы с контроллерным оборудованием siemens 
827;опыт работы от 3 лет по специальности в сфере промышленной автоматизации 
828;взаимодействие с заказчиками и исполнителями согласование проектной технической документации
829;аналитика исходных данных мастер-систем и построение маппингов
830;разработка стандартов проектирования кхд
831;оптимизация структуры данных
832;разработка моделей данных хранилищ данных проектирование логической модели витрин
833;участие в активностях по разработке физической модели и реализации витрин данных
834;участие в подготовке и утверждении целевой архитектуры хранилищ данных и связанных решений
835;верификация существующих спецификаций/алгоритмов/маппингов
836;желателен опыт работы на аналогичной позиции
837;желателен опыт ведения проектов в сфере животноводства
838;опыт подготовки технических спецификаций технической части коммерческих предложений для клиентов
839;участие в проекте внедрения erp системы для управления административно-хозяйственной деятельностью банка (смета ахр (планирование исполнение контроль) управление активами (движимое и недвижимое имущество) 
840;анализ контроль качества и согласование подготовленных на предпроекте: описаний и схем текущих и целевых процессов ит-архитектуры бизнес и функциональных требований на автоматизацию административно-хозяйственной деятельности банка системы оценки выбора по и тп 
841;организация согласования внутри банка документов по предпроекту с заинтересованными ссп 
842;конфигурирование оборудования/сервера после обновления по ремонта замены контроллеров
843;взаимодействие с инженером по ремонтам
844;взаимодействие с диспетчерами
845;высшее техническое образование в области асу тп
846;общая компьютерная грамотность знание офисных пакетов
847;понимание принципов автоматизации технологических процессов знание основ программирования
848;принимать участие в подготовке строительных договоров субподряда и подряда
849;принимать и выдавать необходимую проектно-сметную документацию
850;контролировать чтобы стоимость выполняемых по проекту и сметам строительных или монтажных работ соответствовала их качеству и объему
851;контролировать разработку и внедрение новой техники и технологии строительного производства
852;контролировать соблюдение технологической последовательности и сроков выполнения работ субподрядными организациями
853;контролировать подготовку исполнительной документации работа с заказчиком региона по направлению деятельности
854;высшее профессиональное (техническое) образование
855;умение работать со сметно-проектной документацией
856;опыт работы на проектах в капитальном строительстве на объектах нефтегазодобывающих предприятий
857;способность быстро ориентироваться в потоке информации
858;умение анализировать большой объем данных и делать выводы
859;внедрение программного продукта
860;анализ и проектирование бизнес-процессов
861;постановка технических задач программистам
862;обучение и сопровождение пользователей
863;разработка технической документации
864;контроль качества разрабатываемого программного продукта
865;высшее образование (ит)
866;основы программирования
867;основы делопроизводства
868;аналитические способности
869;понимание принципов разработки программного обеспечения и работы информационных систем
870;ответственность умение грамотно и кратко излагать свои мысли в письменной и устной форме навыки коммуникаций стрессоустойчивость инициативность
871;анализ и экспертиза проектной документации по разделам опс аспт
872;контроль качества выполнения то подрядными организациями
873;контроль подрядных организации на этапе смр пнр опс аспт
874;работа с первичной документацией (акты выполненных работ счета-фактуры) заведение заявок на освоение платеж
875;профильное высшее образование
876;опыт работы с разработкой монтажом эксплуатацией опс аспт
877;знание архитектуры построения охранно-пожарных систем и систем автоматического пожаротушения знание нормативных требовании рд сп при то эксплуатации и монтаже опс аспт
878;опыт контроля подрядных организаций
879;опыт разработки по от 2-х лет (как плюс в области travel-проектов)
880;хорошее знание php 5 php 7
881;опыт работы с mysql
882;опыт работы с rest
883;базовые знания технологий вёрстки: html css js jquery bootstrap
884;возможна работа в офисе (мбауманская) или удаленно
885;высшее техническое образование инженера кипиа
886;опыт работы проектирования в нефтегазовой отрасли от 1-2 лет
887;знание норм и стандартов рк
888;уверенное владение autocad 3d и ms office
889;опыт участия в инфраструктурных проектах
890;знание английского языка
891;поддержка пользователей 1супп 1с:бухгалтерия
892;ведение нормативно-справочной информации
893;изменение алгоритмов программы и разработка новых отчетов тестирование новых разработок
894;возможно разработка нового функционала
895;умение работать с продуктами ms office
896;коммуникабельность пунктуальность нацеленность на результат умение работать в команде
897;внедрение конфигурации 1с:erp на предприятиях группы компаний
898;участие в разработке архитектуры проектных решений после обсуждения задач с бизнес-заказчиком
899;выстраивание работы и взаимодействий внутренней команды разработки и сопровождения системы 1с:erp
900;взаимодействие с внешними подрядчиками по автоматизации бизнес-процессов на базе платформы 1с
901;непосредственное программирование ключевых разработок в рамках проекта (минимально)
902;ведение проекта на всех стадиях:
903;в перспективе - ведение проектов по внедрению других систем на платформе 1с 8
904;наставничество по ряду направлений развития для программистов
905;профильное высшее образование
906;подтвержденный опыт внедрения 1с:erp на производственном предприятии в качестве руководителя проекта или архитектора
907;знание основных подсистем 1с:erp 24 и предметных областей (производственный учет торгово-складской учет расчет зарплаты и кадровый учет бухгалтерский и налоговый учет)
908;портфолио отдельных выполненных проектов где кандидат принимал участие как рп или архитектор
909;опыт использования по для организации работы на проекте и учета артефактов проекта (ms project devprom redmine jira confluence и тп)
910;опыт программирования на платформе 83 (нужно будет показать одну из выполненных разработок или пройти внутреннее тестирование) в том числе кандидат должен обладать опытом ведения коллективной разработки
911;высокая коммуникабельность и клиентоориентированность при взаимодействии с бизнес-заказчиком
912;умение выявлять реальные потребности бизнеса и предлагать оптимальные ит-решения для этих задач
913;умение организовывать и мотивировать команду
914;желание и умение работать в команде не индивидуалист! высокий уровень самоорганизации инициативности активности ориентации на результат обучаемости
915;сбор и анализ бизнес-требований их формализация в функциональные и технические задания с согласованием
916;составление планов по разработке и поддержке проектов
917;контроль работ на всех этапах проекта
918;создание документации и планов (договора акты календарные планы планов управления и развития)
919;создание технической документации по проектам и модулям для ит отдела
920;постановка и контроль выполнения запросов на изменения (доработка проектов)
921;участие в совещаниях и встречах с партнерами и клиентами подготовка аналитических документов
922;создание прозрачной среды общения между всеми участниками проекта
923;улучшение существующих проектов и бизнес процессов
924;опыт управления и работы с ит проектами от 3-х лет
925;знание методологии разработки проектов
926;умение подробно вникнуть в работу и понятно описать бизнес-процессы
927;коммуникации с разработчиками и подрядчиками
928;ведение отчетности по проектам
929;успешный практический опыт разработки и реализации ит проектов (все этапы)
930;понимание front-end и back-end разработки проектов
931;навыки ведения переговоров
932;знание английского языка на уровне intermediate
933;общая грамотность умение структурированно излагать мысли как устно так и письменно
934;ответственность за результат
935;обучаемость
936;контроль исполнения плана поставок по ключевым точкам (утверждение частного технического задания (чтз) назначение уполномоченной организации согласование плана качества и тд)
937;управление рисками проекта разработка и реализация плана компенсирующих мероприятий
938;участие в приемочных инспекциях изготовленного оборудования
939;организация оформления накладных / актов сдачи приемки выполненных работ контрагентов заведение в 1с
940;организация претензионной-исковой работы в ао «расу»
941;анализ доходных/расходных договоров и формирование обязательств для загрузки в систему управления проектами
942;формирование и контроль планов исполнения обязательств проекта
943;формирование отчетности о статусе исполнения обязательств проекта фиксация выполнения в системе управления проектами
944;мониторинг и прогноз хода исполнения договорных обязательств по проекту
945;высшее образование
946;релевантный опыт работы от 3-х лет
947;знание программ ms office: word excel powerpoint visio
948;заключение договоров и приобретение программного и аппаратного обеспечения комплектующих и тп контроль исполнения договорных отношений с поставщиками 
949;контроль ит бюджета в рамках курируемых договоров 
950;взаимодействие со смежными подразделениями и внешними компаниями в рамках деятельности отдела 
951;контроль работы по автоматизации банковских приложений 
952;исполнение поручений руководства 
953;обработка запросов пользователей на добавление/изменение записей справочников: «номенклатура» «характеристики» «договоры» «контрагенты» и пр
954;сбор и определение требований к составу и структуре справочников разработка шаблонов правил написания наименований заполнения других атрибутов справочников
955;нормализация справочников: приведение наименования к унифицированному виду-шаблону исправление ошибок устранение неполных противоречивых устаревших позиций
956;управление жизненным циклом нси
957;разработка требований по оптимизации системы управления заявками на изменение нси
958;обработка и выполнение обращений пользователей по вопросам связанным с использованием нси
959;взаимодействие с подразделениями компании для решения вопросов по методическому обеспечению процесса сопровождения нси
960;обучение консультирование пользователей системы нси
961;методологическая поддержка пользователей нси
962;знание современных методик обмена информацией
963;разработка положений регламентов методических рекомендаций инструкций в области управления нси
964;высшее образование (прикладная математика информационные системы аналогичные специальности)
965;проверять справочники на соответствие регламентирующим документам
966;корректировать справочники в соответствие регламентирующим документам
967;разрабатывать техническую документацию и инструкции для пользователей
968;анализ рынка поиск новых заказчиков
969;участие в отраслевых выставках конференциях и иных активностях для привлечения новых заказчиков
970;квалификация новых заказчиков (соответствие по размеру бюджету проблематике) выявление потребности заказчика и адаптация предложения
971;демонстрация продукта (совместно с техническим специалистом) подготовка плана апробации продукта заказчиком сопровождение апробации продукта заказчиком
972;формирование ткп для заказчика отработка возражений заключение сделок
973;координация работ по внедрению контроль сроков по проектам внедрения
974;мониторинг удовлетворенности заказчика поддержка и развитие доверительных отношений после продажи
975;проработка планов по дальнейшему развитию продукта для достижений целей заказчика upsale продажа техподдержки
976;опыт продаж продуктов и услуг в сегменте b2b с циклом продаж от года
977;готовность освоения новой предметной области
978;навыки эффективной коммуникации с людьми и результативного ведения переговоров
979;готовность к частым командировкам в разные уголки рф
980;будет плюсом: технический бэкграунд или опыт продаж технически сложных продуктов в сегменте b2b опыт в продажах или внедрении систем типа: ecad cad plm pdm опыт руководителя или куратора проекта
981;выполнение работ по проектированию систем связи и безопасности (свн скуд сотс ссои скс лвс сктв) на стадиях п и р объекты промышленного и гражданского строительства транспортной инфраструктуры
982;предпроектное обследование объектов
983;разработка концепции реализуемых систем и обоснование принимаемых проектных решений
984;разработка чертежей и текстовых документов по проекту отдельных разделов (частей) проекта
985;составление спецификаций ведомостей объемов работ
986;высшее техническое образование
987;знание номенклатуры и принципов монтажа и пуско-наладки применяемого оборудования и материалов
988;опыт проектирования систем кабельных каналов (лотков) увязки со смежными коммуникациями
989;уверенный пользователь пк (ms office outlook autocad (zwcad)) приветствуется владение ms visio
990;краткое портфолио выполненных проектов
991;участие в проектах по разработке цифровых решений и интеллектуальной автоматизации бизнес-процессов
992;участие в мозговых штурмах по формированию гипотез для разработки/доработки решений
993;описание и экономическое обоснование предлагаемых решений 
994;подготовка и участие в презентациях поддержка в процессе защиты рекомендаций 
995;сбор и согласование требований с заказчиком 
996;разработка пользовательских сценариев 
997;прототипирование интерфейсов пользователя 
998;участие в описание api и протоколов 
999;обследование текущих решений и формирование рекомендаций по ui/ux а также расширения функционала платформ 
1000;взаимодействие с командой разработки в рамках разработки технических решений 
1001;контроль и тестирование разработанного функционала 
1002;консультирование заказчика по возможностям платформ 
1003;контроль внедрения и аналитическая поддержка разработанного функционала 
1004;техническое/математическое образование 
1005;аналитический склад ума 
1006;опыт работы от 2 лет в должности системного/бизнес аналитика 
1007;владение методиками обследования заказчика сбора и анализа требований 
1008;опыт подготовки проектной документации 
1009;знание case средств и нотаций моделирования предметной области (bpmn uml и тп) 
1010;знание принципов построения информационных систем современных информационных технологий 
1011;понимание жизненного цикла по 
1012;опыт работы с jira или подобной системой 
1013;знание sql 
1014;мотивация на итоговый результат навыки самостоятельного решения возникающих трудностей 
1015;отличные коммуникационные навыки 
1016;владение английским языком для чтения технических статей и обучающего материала 
1017;внимательность дисциплинированность ответственность исполнительность 
1018;участие в предпроектных обследованиях
1019;выявление заинтересованных лиц извлечение и анализ бизнес-требований
1020;создание артефактов по итогам анализа (презентация решения аналитическая записка образ и границы решения бизнес-модель решения)
1021;согласование артефактов с заинтересованными лицами
1022;консультации заинтересованных лиц со стороны бизнеса
1023;управление изменениями бизнес-требований
1024;поддержание бизнес-модели решения в актуальном состоянии
1025;консультации команды разработки в процессе проектирования и создания программных решений
1026;участие в приемке и опытно-промышленной эксплуатации реализованных решений
1027;образование высшее (техническое будет преимуществом)
1028;опыт использования case-средств для моделирования бизнес-требований
1029;опыт работы в роли аналитика в проектах разработки и внедрения it-систем от 2 лет
1030;опыт работы в проектах по автоматизации бизнес-процессов в ритейле – является преимуществом
1031;навыки извлечения бизнес-требований
1032;навыки описания бизнес-процессов и вариантов использования
1033;навыки разработки проектной и рабочей документации
1034;знание нотаций моделирования бизнес-процессов (bpmn epc)
1035;общее знание uml
1036;понимание waterfall agile подходов к разработке программного обеспечения
1037;базовые знания в области управления проектами
1038;умение писать простые sql-запросы – является преимуществом
1039;общее знание xml json – является преимуществом
1040;широкий кругозор в it – является преимуществом
1041;умение находить решения в сложных ситуациях
1042;умение четко и структурированно излагать информацию – как устно так и письменно
1043;знание и опыт разработки на pl/sql sql oracle
1044;желание работать в команде
1045;ответственное отношение к выпускаемому продукту
1046;премии не только по итогам года
1047;возможность развить &quotпрофессиональную мускулатуру&quot работая вместе с профессионалами познакомиться с лучшими практиками
1048;возможность участвовать в развитии предлагать идеи и технологии
1049;участие в мероприятиях для профессионального развития тренинги учебные курсы
1050;тех кто сказал что все будет готово в пятницу и финишировал в четверг вечером
1051;тех кто готов делиться своим опытом
1052;красивый код
1053;чувство юмора
1054;обеспечение высокого уровня покрытия для функционального и регрессивного тестирования
1055;участие в составе scrum-команды в формировании пользовательских историй и определении критериев принятия пользователем и ключевых сценариев тестирования
1056;автоматизация функционального тестирования в спринте и поддержка регрессионных пакетов
1057;применение лучших отраслевых практик обеспечение обмена знаниями для решения сложных бизнес-задач реализация решений беспрецендентных задач
1058;отслеживание обеспечения ценности бизнеса с помощью надежных инженерных методов и принципов
1059;образование – высшее техническое
1060;опыт работы от 2 лет
1061;отличное знание английского языка
1062;желателен опыт тесной работы с командой разработчиков на java
1063;опыт в оптимизации производительности oracle
1064;опыт работы в проектировании в нефтегазовой отрасли от 5 лет
1065;умение рассматривать проектные спецификации административные и технические методы ведения работ инструкции по проектированию генпланы технологические схемы и информацию поставщика
1066;принимать участие в разработке инженерных смет по определенному объему работ для рассмотрения старшим или ведущим инженером
1067;умение выполнять схемы используя электротехнические спецификации стандартные чертежи инструкции по проектированию генпланы технологические схемы и информацию поставщиков
1068;рассматривать и давать комментарии к проектным чертежам других отделов и чертежам оборудования поставщика
1069;представлять отчеты о состоянии документации и о прогрессе работ
1070;участие в совещаниях с представителями заказчика эксплуатации согласование проектных решений ведение переписки с заказчиком и поставщиками оборудования
1071;на назначенных строительных участках обеспечивать поддержку строительства путём разъяснения чертежей и спецификаций и вносить изменения в проект принимает участие в выполнении работ по съёмке строительных площадок проведении измерений принятии актов сдачи-приёмки и других инженерных видов работ на строительном участке
1072;содействовать младшему инженеру - проектировщику дизайнеру в приобретении необходимого опыта
1073;знание английского языка
1074;выполняет работу по проектированию и внедрению автоматизированных систем управления производством (асуп) на основе применения совокупности экономико-математических методов современных средств вычислительной техники коммуникаций и связи элементов теории экономической кибернетики
1075;осуществляет подготовку необходимых данных и участвует в составлении технического задания на проектирование асуп и ее отдельных этапов и подсистем в разработке технических и рабочих проектов
1076;формулирует постановку задач выполняет работу по их алгоритмизации выявляет возможности типизации решений отдельных элементов системы подготавливает предложения о применении в проектировании асуп типовых блоков и участвует в их создании
1077;принимает участие в работе по совершенствованию документооборота на предприятии формулирует требования к содержанию и построению технической и организационно-распорядительной документации используемой в системе автоматизированного управления производством
1078;принимает участие в проектах по информатизации информационных технологий  таких как : умный город умная больница
1079;разрабатывает технологические схемы обработки информации по установленным задачам асуп с учетом организационного и технического обеспечения по всем подсистемам
1080;подготавливает проекты методических материалов инструкций и другой технической документации связанной с созданием и использованием фондов информационного использования асуп
1081;участвует в работе по отладке опытной эксплуатации и поэтапному введению в действие комплекса технических средств асуп
1082;осуществляет авторский надзор и периодический контроль входящей и исходящей документации
1083;изучает причины отказов и нарушений в системе разрабатывает предложения по их устранению и предупреждению по повышению качества и надежности асуп
1084;высшее образование по специальности
1085;должен знать:
1086;задачи и содержание асуп
1087;порядок разработки проектов асуп и ее подсистем технических заданий технических и рабочих проектов
1088;экономико-математические методы
1089;основы теории экономической кибернетики
1090;средства вычислительной техники коммуникаций и связи
1091;порядок постановки задач их алгоритмизации
1092;методы определения экономической эффективности внедрения асуп
1093;стандарты унифицированной системы организационно-распорядительной документации
1094;порядок разработки и оформления технической документации
1095;подготовка технико-коммерческих предложений и договоров по проектам асу тп
1096;проведение презентаций и участие в различной маркетинговой деятельности по продвижению системного оборудования
1097;участие в переговорах с заказчиком
1098;продвинутые знания в области автоматизации производств (l2 уровень) 
1099;базовые знания решений по управлению предприятием производством современных it-решений (виртуализация облачные технологии ) (l3/l4 iot) 
1100;знание рынка комплектующих асу тп 
1101;знание нормативной базы асу тп 
1102;уверенное владение pc 
1103;знание английского языка на уровне ведения переговоров и деловой переписки чтения литературы - строго обязательно! 
1104;опыт подготовки и проведения презентаций уверенного ведения переговоров 
1105;способность к быстрому восприятию большого массива информации и ее анализу
1106;способность быстрого анализа текущей ситуации для выбора оптимального решения
1107;коммуникабельность
1108;логическое мышление
1109;развитие компетенций по информационной безопасности
1110;проведение предпроектных обследований (аудит иб аудит испдн аудит суиб)
1111;проведение анализа и внедрений средств защиты информации (преимущественно собственного решения)
1112;разработка технорабочей документации и справок
1113;сопровождение систем информационной безопасности
1114;конкретная специализация определяется по итогам испытательного срока
1115;высшее профильное образование
1116;аналитический склад ума пытливый и изыскательский жажда знаний
1117;знание продуктов сзи отечественных и зарубежных
1118;знание сетевых технологий
1119;знание международных и отечественных
1120;знание нормативной документации в области иб приветствуется
1121;требуется активность и горячее желание стать сильным ибшников с уклоном в управление иб: суиб soc s-grc irp security intelligence
1122;поддержка сапр компании (autocad magicad спдс и др)
1123;обеспечение бесперебойной работы сапр (настройка администрирование доработка)
1124;работа с 3d-моделями (сборка актуализация и тд)
1125;работа с базами данных сапр (заполнение актуализация)
1126;интеграция сапр с другими системами
1127;написание регламентов и пользовательских инструкций
1128;обучение и техническая поддержка пользователей
1129;высшее профильное образование
1130;опыт работ с сапр (autocad magicad и др)
1131;базовое знание объектно-ориентированных языков программирования (c# c++)
1132;знание принципов работы с реляционными базами данных (mysql oracle)
1133;сопровождение 1с
1134;отладка и настройка взаимодействия между 1с бухгалтерия (83) управление торговлей (11) розница и зуп
1135;администрирование информационной базы
1136;создание новых модулей и доработка существующих под бизнес-процессы компании по техническому заданию
1137;запуск интернет-магазина
1138;поддержка пользователей
1139;опыт программирования с использованием 1с 82/83 от 2-х лет
1140;знание типовых конфигураций 1с
1141;навык разбираться в чужом коде!!!
1142;хорошее знание и понимание языка запросов 1с
1143;базовые знания бухгалтерского учета и налогового учета
1144;опыт работы с пользователями (консультирование разработка анализ задач) обязательно
1145;разработка проектов в части программного информационного и математического обеспечения
1146;программирование контроллеров scada частотных преобразователей
1147;составление спецификаций шкафного оборудования автоматизации проектирование шкафов автоматизации
1148;подбор периферийного оборудования
1149;наладка запуск и сопровождение разрабатываемого программного обеспечения
1150;написание эксплуатационной документации
1151;опыт работы инженером по автоматизации на производственных предприятиях или в электромонтажных компаниях исследовательских институтах инженером программистом асу тп и пр (иностранные производители) – от 2 лет
1152;умение применять на практике языки программирования контроллеров в стандарте iec 61131-3 (контроллеры: siemens allen-bradley honeywell и пр )
1153;знание архитектур компьютерных сетей знание протоколов передачи данных: industrial ethernet modbus profibus-dp и пр
1154;умение читать и редактировать электрические схемы
1155;опыт внедрения и поддержки проектов по автоматизации
1156;организация и контроль работы группы тестировщиков
1157;высшее образование в области информационных технологий
1158;опыт работы по направлению тестирования по от 3-х лет
1159;знание методик описания тестирования
1160;опыт программирования и знание предметной области (электроника и проектирование печатных плат) - является дополнительным преимуществом
1161;разработка проектной и рабочей документации опасных производственных объектов в роли ведущего (лидера) инженера
1162;подготовка исходных технических требований на поставку сложного оборудования с комплектным кипиа
1163;рассмотрение и согласование ркд на кипиа
1164;рассмотрение и согласование ркд на сложное оборудование с комплектным кипиа лса
1165;принятие основных решений по разрабатываемым проектным документам согласование со смежными отделами
1166;подготовка выдача заданий смежным отделам
1167;сбор и анализ исходных данных для проектирования
1168;анализ проектных решений с точки зрения их экономичности и стоимости на всех стадиях создания
1169;участие в авторском надзоре
1170;высшее техническое образование в области автоматизации технологических процессов
1171;опыт работы в проектной организации не менее 5 лет
1172;знание технологии проектирования нормативно-технических документов по специальности для опасных производственных объектов
1173;знание типов измерения технологических параметров особенностей применения кипиа
1174;опыт проектирования взрывоопасных объектов в роли ведущего инженера (стадии пд рд)
1175;опыт подбора кипиа и согласования ркд на кипиа
1176;опыт работы на площадках строительства (предпроектное обследование сбор исходных данных авторский надзор) 
1177;владение пк: autocad microsoft office eplan по для проектирования в 3d модели по для расчета сужающих устройств и регулирующих клапанов
1178;английский язык на уровне pre-intermediate и выше
1179;выполнение проектирования и согласования рабочей документации по системам автоматизации
1180;проведение шеф-монтажных пусконаладочных приемосдаточных работ заказчику
1181;высшее техническое образование
1182;знание eplan autocad microsoft office обязательно
1183;знание основ электротехники схемотехники
1184;опыт применения оборудования siemens schneider electric allen-bradley и др
1185;высшее образование
1186;настройка рлс
1187;знание конфигурации утп 12
1188;разработка новой корпоративной информационной системы на базе 1с 83
1189;поддержка существующей учетной системы на базе 1с 8 (утп 12 документооборот)
1190;реинжиниринг бизнес процессов от «as is» к «to be»
1191;определение подходов к описанию архитектуры организации формирование видения взаимодействия подразделений на уровне l1
1192;определение целей и требований к бп (wfm value chain) на уровнях l3-
1193;внедрение инструментов bpm
1194;определение требований к ит-системам для обеспечения эффективного исполнения бп участие в технологическом и архитектурном комитете
1195;взаимодействие с заказчиками менеджерами по оптимизации
1196;отвечают за полный цикл оптимизации проекта/выполнения проекта
1197;периодический аудит процессов контроль на оптимальность и не дублирование новых бизнес-процессов
1198;оптимизация системы менеджмента качества
1199;опыт работы в компаниях со сложной организационной структурой
1200;успешный опыт ведения крупных проектов по оптимизации бп
1201;навыки оптимизации смк
1202;навыки проведения анализа бп и по на всех уровнях
1203;навыки моделирования и знания инструментов bpm
1204;навыки внедрения новых инструментов в бп
1205;навыки ведение переговоров и кроссфункциональных встреч
1206;навыки оценки эффекта от реализации проекта
1207;навыки планирования постановки задач и контроля
1208;оформление по тк рф с первого дня выхода на работу
1209;полный социальный пакет (оплачиваемый отпуск 28 календарных дней оплачиваемые больничные)
1210;разработка и поддержка и корпоративной информационной системы
1211;документирование разработка инструкций
1212;поддержка пользователей организации (обучение инструктирование)
1213;разработка отчетов
1214;разработка по в составе коллектива разработчиков программного обеспечения
1215;высшее образование
1216;возможен прием без опыта работы
1217;приветствуются навыки работы с асутп и телеметрией
1218;разработка проектов асу тп все специализированные работы связанные с программно-техническими комплексами управления технологическими процессами разработка алгоритмов управления технологическими процессами и создание сопутствующей документации
1219;знание пакета microsoft office autocad
1220;знание основ физики электротехники
1221;знание основ электроники
1222;булева алгебра
1223;методы и средства измерения параметров технологического процесса
1224;процессы и аппараты химической технологии
1225;переходные функции и звенья систем автоматизированного управления
1226;микропроцессоры и их программирование
1227;высшее техническое образование инженера кипиа
1228;опыт работы проектирования в нефтегазовой отрасли от 2-3 лет
1229;знание норм и стандартов рк
1230;уверенное владение autocad 3d и ms office
1231;опыт участия в инфраструктурных проектах
1232;знание английского языка (предпочтительно)
1233;руководство группой
1234;организация формирования плана закупок
1235;организация формирование плана платежей
1236;контроль процесса обеспечения и оплат
1237;методологическая работа
1238;участие в автоматизации процессов планирования/бюджетирования/координации/контроля закупок
1239;высшее образование 
1240;опыт разработки проектов на reactjs
1241;понимание компонентного подхода в разработке веб-интерфейсов
1242;владение адаптивной и кроссбраузерной версткой
1243;умение работать с js фрейморками и библиотеками (reactjs)
1244;знание typescript
1245;отличное знание javascript html5 css3
1246;уверенное владение git
1247;умение пользоваться сборщиками проектов webpack/npm
1248;умение разбираться в чужом коде
1249;оказание услуг по методической и организационно-технической поддержке органам государственной власти рф при планировании и реализации мероприятий в сфере икт и по внедрению икт
1250;проведение экспертизы документов используемых в рамках планирования и реализации мероприятий по созданию развитию модернизации и эксплуатации информационных систем и компонентов информационно-телекоммуникационной инфраструктуры
1251;контроль за исполнением бюджета и выполнением мероприятий в сфере цифровизации реализуемых региональными органами власти
1252;создание и наполнение сайта созданного для взаимодействия между минкомсвязи и региональными органами власти ответственными за цифровизацию
1253;опыт взаимодействия с органами госвласти
1254;управленческий опыт будет преимуществом
1255;опыт работы с регионами
1256;определение системы метрик и целевых показателей бизнес-процессов
1257;изучение и реинжиниринг бизнес-процессов
1258;разработка и обеспечение процесса согласования процессной документации
1259;подготовка и презентация материалов по предлагаемым изменениям в бизнес-процессах
1260;обучение пользователей и сопровождение внедряемых изменений со стороны процессной команды
1261;участие в разработке функциональных требований к информационным системам
1262;участие во внедрение erp системы в рамках своей компетенции
1263;теоретические и практические навыки документирования и реинжиниринга бизнес-процессов
1264;умение составлять и обеспечивать согласование процессной документации (схемы и описание бизнес-процессов операционные инструкции регламенты взаимодействия и пр)
1265;знание областей: складская логистика транспортная логистика цепочки поставки контрактование
1266;опыт работы с 1с и системой erp класса
1267;контроль выполнения работ связанных с техническим обслуживанием автоматизированных установок пожарной сигнализации (аупс) автоматизированных установок пожаротушения (аупт) и систем вентиляции
1268;выполнение задач производственно-технического направления
1269;рассмотрение проектной документации и проектных решений
1270;высшее образование в области инженерных систем или проектирования
1271;опыт работы не менее 3 лет
1272;знание федеральных законов в области пожарной безопасности
1273;опыт разработки проектов на reactjs
1274;понимание компонентного подхода в разработке веб-интерфейсов
1275;владение адаптивной и кроссбраузерной версткой
1276;умение работать с js фрейморками и библиотеками (reactjs)
1277;знание typescript
1278;отличное знание javascript html5 css3
1279;уверенное владение git
1280;умение пользоваться сборщиками проектов webpack/npm
1281;умение разбираться в чужом коде
1282;управление назначенными проектами в сфере коммерческой деятельности
1283;описание и оптимизация бизнес-процессов
1284;написание технических заданий на основе требований бизнеса способствующих оптимизации и автоматизации процессов
1285;взаимодействие и консультация разработчиков по процессам
1286;осуществление изменений в ис на соответствие требованиям
1287;контроль и сопровождение внедрения ис и новых процессов
1288;взаимодействие с сотрудниками бизнес-подразделений по возможностям автоматизации и оптимизации процессов
1289;создание необходимой документации по проектам и процессам
1290;высшее математическое или экономическое образование
1291;знание стек технологий microsoft (включая sql framework net office exchange и тд) itil itsm шаблоны проектирования методологии ведения проектов и описания процессов
1292;знать предметную области: коммерция (ценообразование работа с поставщиками документооборот управление ассортиментом) финансы бухгалтерия
1293;ведение процесса обработки с пульта управления сложных деталей по 7-10 квалитетам на станках с программным управлением 
1294;умение осуществлять регулировку параметров технологического оборудования узлов и механизмов в процессе 
1295;высшее или среднее техническое образование 
1296;грамотное чтение чертежей 
1297;реализация задач по автоматизации и цифровизации предприятия в области программного обеспечения (по)
1298;планирование текущей работы отдела и определение средне- и долгосрочных перспектив развития
1299;организация взаимодействия внутри отдела координирование работ расстановка приоритетов
1300;определение потребности в программном обеспечении для предприятия
1301;заключение необходимых договоров для закупки программного обеспечения (по) либо услуг по консалтингу и разработке по
1302;взаимодействие с другими подразделениями предприятия в рамках выполнения задач отдела
1303;опыт руководства группой/отделом от 10 человек не менее 3 лет 
1304;опыт внедрения систем планирования и управления производством 
1305;опыт постановки задач как собственной команде разработчиков так и внешнему подрядчику 
1306;опыт разработки регламентов и сто в сфере ответственности 
1307;знание технического английского
1308;выявление и анализ требований к ис
1309;документирование требований к ис
1310;согласование требований с заинтересованными лицами
1311;консультирование архитектора\ разработчика на этапе проектирования 
1312;подготовка задач для разработки
1313;консультирование разработчиков на этапе разработки
1314;консультирование инженеров по качеству на этапе тестирования
1315;управление изменениями требований к ис
1316;поддержание требований к ис в актуальном состоянии
1317;участие в опытно-промышленной эксплуатации реализованных решений
1318;умение работать в команде
1319;программирование контроллеров и hmi панелей (siemens schneider weintek ge lenze delta)
1320;разработка блок-схем алгоритмов управления автоматическими системами
1321;участие в пуско-наладочных работах
1322;высшее техническое образование
1323;умение программировать плк и hmi панели на языках стандарта мэк 61131
1324;знание основных промышленных протоколов (profibus profinet ethercat modbus и других)
1325;уверенное владение офисными программами ms word ms excel работа с электронной почтой работа в графических редакторах
1326;техническая грамотность
1327;чтение принципиальных электрических схем
1328;понимание принципов работы и подключения основных типов датчиков и исполнительных устройств (пневматические и электрические приводы) умение рассчитывать мощность электрических цепей
1329;знание английского языка на уровне чтения технической документации
1330;разработка проектной документации автоматизация и диспетчеризация инженерного оборудования здания промышленных и гражданских объектов (овик вк эом атм ахс апт аскуэ)
1331;проведение необходимых расчетов
1332;подбор оборудования
1333;прохождение экспертизы проектов
1334;проведение авторского надзора работа с ген и субподрядными организациями (при необходимости)
1335;высшее инженерное образование
1336;опыт работы в сфере проектирования от 5-х лет
1337;знание нормативных документов
1338;отличные навыки владения пк (autocad ms office)
1339;высшее техническое образование
1340;опыт разработки по
1341;разработка прикладного по для plc siemens (приветствуется знание др производителей контроллеров) щитов управления 
1342;опыт разработки пользовательских интерфейсов hmi scada 
1343;опыт самостоятельной разработки проектов и сдачи их в эксплуатацию 
1344;умение связывать систему асу с системами верхнего уровня (передача данных через opc сервер)
1345;установка/переустановка/настройка ос (windows 7810) клиентских приложений
1346;решение проблем возникающих у пользователей в области как софта так и &quotжелеза&quot (удаленно или на месте)
1347;оборудование рабочих мест и настройка по для новых сотрудников
1348;профильное высшее образование
1349;опыт работы в системным администратором от 4х лет
1350;опыт внедрения или сопровождения microsoft dynamics ax 2012 в качестве консультанта от 2 лет
1351;реальные результаты внедрения сопровождения microsoft dynamics ax
1352;практические навыки написания технических заданий на модификации
1353;креативный подход в тестировании модификаций
1354;проактивность в работе с пользователями развитые устные и письменные коммуникативные навыки
1355;принимать задачи от пользователей и писать спецификации на разработку
1356;тестировать модификации
1357;настраивать системы
1358;консультировать поддерживать и обучать пользователей
1359;писать инструкции пользователям
1360;разработка проектной документации автоматизация и диспетчеризация инженерного оборудования здания промышленных и гражданских объектов (овик вк эом аскуэ)
1361;проведение необходимых расчетов
1362;подбор оборудования
1363;прохождение экспертизы проектов
1364;проведение авторского надзора работа с ген и субподрядными организациями
1365;высшее инженерное образование
1366;опыт работы в сфере проектирования от 3-х
1367;знание нормативных документов сп пуэ
1368;отличные навыки владения пк (autocad ms office)
1369;опыт фронтенд-разработки 3+ года
1370;отличные знания javascript
1371;хорошее понимание spa на основе react/redux
1372;хорошее понимание особенностей асинхронного программирования
1373;понимание принципов функционального программирования
1374;опыт работы с git
1375;желателен опыт работы в команде использовавшей методологию agile
