Number;Required skill;Number of repetitions
0;"Высшее образование;";4
1;"Высшее техническое образование";3
2;"Внимательность к деталям;";2
3;"Работа в распределенной команде.";2
4;"Опыт работы с rabbit q / kafka";2
5;"Обучение пользователей.";2
6;"Знание английского языка.";2
7;"Высшее техническое образование инженера кипиа.";2
8;"Знание норм и стандартов рк.";2
9;"Уверенное владение autocad, 3d и ms office.";2
10;"Опыт участия в инфраструктурных проектах.";2
11;"Обучение пользователей;";2
12;"Высшее техническое образование.";2
13;"Готовность к командировкам.";2
14;"Прорисовка интерфейсов мобильных и web-приложений; ";1
15;"Выработка общей концепции интерфейсов системы; ";1
16;"Тестирование предложенных решений; ";1
17;"Прототипирование и визуализация интерфейсов; ";1
18;"Презентация созданного интерфейса заказчику, обоснование своих решений ";1
19;"Наличие портфолио по ui/ux проектированию (обязательно).";1
20;"Опыт разработки пользовательских интерфейсов от 2-х лет.";1
21;"Высокий уровень владения графическими редакторами.";1
22;"Умение аргументировать свои дизайн-решения c точки зрения ui/ux.";1
23;"Знания тенденций в современном дизайне интерфейсов.";1
24;"Понимание технологий web- разработки.";1
25;"Понимание юзабилитии процесса проектирования.";1
26;"Знание guideline (ios, android).";1
27;"Поддержка рабочих мест, копировально-множительной техники, систем акс/вкс.";1
28;"Консультирование пользователей по телефону, электронной почте.";1
29;"Выявление ошибок на пользовательских компьютерах, программного обеспечения, восстановление работоспособности системы при сбоях и выходе из строя ит-оборудования.";1
30;"Подготовка и выдача новых рабочих мест, модернизация текущих.";1
31;"Работа с заявками в системе helpdesk.";1
32;"Выполнение регламентных sla.";1
33;"Высшее техническое образование со специализацией в области информационных технологий, автоматизированных систем управления, системного анализа. ";1
34;"Обязательно: ";1
35;"Знание ос windows и офисного программного обеспечения на уровне опытного пользователя.";1
36;"Знание основ функционирования и построения лвс.";1
37;"Навыки диагностики и устранения неисправности пк, комплектующих и оргтехники.";1
38;"Формирование dashboard и отчетности по различным направлениям бизнеса; ";1
39;"Автоматизация управленческой отчетности; ";1
40;"Подготовка аналитических и презентационных материалов для топ менеджмента компании; ";1
41;"Анализ ключевых финансовых и натуральных показателей по различным направлениям бизнеса; ";1
42;"Разработка методологии формирования отчетности по определенным направлениям бизнеса. ";1
43;"Высшее экономическое/техническое образование; ";1
44;"Хорошие аналитические способности; ";1
45;"Высокий уровень владения excel; ";1
46;"Навыки формирования презентационных материалов; ";1
47;"Знание основных принципов формирования финансовой отчетности и финансового анализа; ";1
48;"Знание языков программирования (sql, vba, python или прочее) или опыт работы в power bi, power query являются преимуществом. ";1
49;"Анализ рынка, поиск новых заказчиков;";1
50;"Участие в отраслевых выставках, конференциях и иных активностях для привлечения новых заказчиков;";1
51;"Квалификация новых заказчиков (соответствие по размеру, бюджету, проблематике), выявление потребности заказчика и адаптация предложения;";1
52;"Демонстрация продукта (совместно с техническим специалистом), подготовка плана апробации продукта заказчиком, сопровождение апробации продукта заказчиком;";1
53;"Формирование ткп для заказчика, отработка возражений, заключение сделок;";1
54;"Координация работ по внедрению, контроль сроков по проектам внедрения;";1
55;"Мониторинг удовлетворенности заказчика, поддержка и развитие доверительных отношений после продажи;";1
56;"Проработка планов по дальнейшему развитию продукта для достижений целей заказчика, upsale, продажа техподдержки.";1
57;"Опыт продаж продуктов и услуг в сегменте b2b с циклом продаж от года;";1
58;"Готовность освоения новой предметной области;";1
59;"Навыки эффективной коммуникации с людьми и результативного ведения переговоров;";1
60;"Готовность к частым командировкам в разные уголки рф;";1
61;"Будет плюсом: технический бэкграунд или опыт продаж технически сложных продуктов в сегменте b2b, опыт в продажах или внедрении систем типа: ecad, cad, plm, pdm, опыт руководителя или куратора проекта;";1
62;"Анализ и описание бизнес-процессов проекта по созданию информационно-аналитической системы";1
63;"Формирование функциональных требований к системе";1
64;"Контроль (ведение) выполняемых работ по проекту";1
65;"Методологическая поддержка проекта";1
66;"Подготовка документации по сопровождению процесса реализации проекта";1
67;"Высшее образование (техническое/математическое), выпускники вузов, учащиеся последних курсов";1
68;"Уверенные пользователь пк и ms office (обязательны знания: ms word, ms excel, ms outlook, ms visio, ms power point, ms project)";1
69;"Опыт описания бизнес-процессов, навыки написания sql-запросов – как дополнительное преимущество";1
70;"Разработка и согласование концепции, цели и основных этапов проектам ( национальная система маркировки и прослеживаемости товаров) ;";1
71;"Реализация проекта в согласованные сроки, в рамках выделенного бюджета и с требуемым уровнем качества;";1
72;"Ведение документации по проектам;";1
73;"Разработка методических документов, материалов для представления в федеральные органы исполнительной власти;";1
74;"Оперативное и стратегическое планирование реализации проекта создания по;.";1
75;"Определение возможности использования готовых программных продуктов;";1
76;"Подготовка и проведение презентаций;";1
77;"Подготовка и внесение изменений в проекты;";1
78;"Подготовка и систематическое ведение отчетных документов о работе проекта: протоколов встреч, реестров задач, справок для руководства, пр;";1
79;"Выявление рисков, грозящих проекту, организация мероприятий по их устранению или минимизации влияния;";1
80;"Контроль выполнения задач внешними и внутренними участниками проекта.";1
81;"Подтвержденный опыт участия в создании и/или развитии крупных инженерных или it-проектов, приветствуется опыт руководства такими проектами или отдельными направлениями таких проектов; ";1
82;"Умение структурирования и систематизации больших объемов информации; ";1
83;"Опыт проведения встреч на уровне вторых лиц международных компаний; ";1
84;"Опыт в подготовке отчетных документов, понимание правил и опыт ведения документооборота; ";1
85;"Грамотная устная и письменная речь; ";1
86;"Приветствуется знание английского языка; ";1
87;"Приветствуются знания методологий проектирования и разработки по; ";1
88;"Приветствуются знания методологии финансового и бухгалтерского учета, налогового учета, производственного учета, процессов бюджетирования; ";1
89;"Приветствуются знания логистических и товарных операций. ";1
90;"Понимание принципов организации разработки и технической поддержки информационных систем в группе компаний;";1
91;"Обязательны знания жизненного цикла разработки и сопровождения по;";1
92;"Широкий технический кругозор: знание основных продуктов и решений на рынке it (вычислительная и сетевая инфраструктура, схд, иб, облачные сервисы, виртуализация, devops, развёртывание и поддержка сред, программные инфраструктурные решения, решения в области управления и мониторинга;";1
93;"Опыт работы продакт-менеджером от 3-ех лет, действующий продукт - web-решение или платформа-агрегатор.";1
94;"Проведение custdev-ов с клиентами россии, снг и целевых иностранных рынков";1
95;"Анализ рынка, работа с участниками рынка (бизнес, агентства, студии) ";1
96;"Работа с гипотезами: формулировка, валидация. ";1
97;"Описание функциональных требований ";1
98;"Управление бэклогом";1
99;"Исследования конкурентов";1
100;"Разработка стратегии позиционирования и маркетинга продукта";1
101;"Аналитика и отслеживание показателей в ежемесячном режиме";1
102;"Общение с партнерами, проектное управление";1
103;"Опыт успешного управления продуктом;";1
104;"Опыт работы в облачном сервисе, команде занимающейся веб-разработкой или разработкой игр;";1
105;"Представление о crm маркетинге: бизнес-процессах, сервисах";1
106;"Знание технологий и продуктов для web, мобильного web;";1
107;"Владение инструментами веб-аналитики;";1
108;"Аналитический склад ума;";1
109;"Умения смотреть на вещи глазами других людей;";1
110;"Коммуникабельность, умение построить рабочие отношения с разными людьми;";1
111;"Конфигурирование оборудования/сервера после обновления по, ремонта, замены контроллеров;";1
112;"Взаимодействие с инженером по ремонтам;";1
113;"Взаимодействие с диспетчерами.";1
114;"Высшее техническое образование в области асу тп";1
115;"Общая компьютерная грамотность, знание офисных пакетов";1
116;"Понимание принципов автоматизации технологических процессов, знание основ программирования.";1
117;"Образование: высшее";1
118;"Знание ин. языков: английский приветствуется, но не обязательно";1
119;"Опыт работы: участие в построении web интерфейсов, опыт координации их реализации";1
120;"Профессиональные компетенции: понимание современных технологий в построении web систем, хорошие навыки управления сложными проектами и опыт внедрения этих проектов, умение работать с большими объемами данных и аналитикой";1
121;"Личные качества: коммуникативные способности, системное мышление, умение налаживать и поддерживать конструктивные отношения, публичность";1
122;"Управление группами инженеров в области системного администрирования и телекоммуникаций";1
123;"Управление сервисами в области системного администрирования и телекоммуникаций";1
124;"Управление проблемами и инцидентами в рамка всех линий поддержки";1
125;"Оптимизация затрат на оборудование и лицензии";1
126;"Планирование и контроль исполнения бюджета отдела";1
127;"Планирование и контроль исполнения бюджета фот отдела";1
128;"Взаимодействие с сотрудниками офиса и удаленных подразделений";1
129;"Взаимодействие с поставщиками ит-услуг и сетевого оборудования";1
130;"Опыт работы в аналогичной должности от 3-х лет";1
131;"Уверенные навыки и знания в области проектирования и создания локальных вычислительных сетей (лвс)";1
132;"Уверенные навыки и знания в области системного администрирования и управления сетями";1
133;"Опыт работы с различными средствами мониторинга работы сетей и серверного оборудования";1
134;"Знание принципов работы протоколов tcp/ip";1
135;"Знание принципов построения беспроводных локальных вычислительных сетей (wi-fi)";1
136;"Знание принципов работы ip телефонии";1
137;"Знания принципов обеспечения информационной безопасности";1
138;"Обеспечение высокого уровня покрытия для функционального и регрессивного тестирования";1
139;"Участие в составе scrum-команды в формировании пользовательских историй и определении критериев принятия пользователем и ключевых сценариев тестирования";1
140;"Автоматизация функционального тестирования в спринте и поддержка регрессионных пакетов";1
141;"Применение лучших отраслевых практик, обеспечение обмена знаниями для решения сложных бизнес-задач, реализация решений беспрецендентных задач";1
142;"Отслеживание обеспечения ценности бизнеса с помощью надежных инженерных методов и принципов";1
143;"Образование – высшее техническое";1
144;"Опыт работы от 2 лет";1
145;"Отличное знание английского языка";1
146;"Опыт создания сценария автоматизации (java, javascript), работы в среде bdd, работы с selenium web driver(тестовый автоматизационный интерфейс и фреймворк), работы в рамках agile scrum команд, тестирования rest прикладных интерфейсов приложений, опыт автоматизации тестирования внутри текущей интеграции (желательно через jenkins), работы с системами сборки, такими как maven или qradle, в написании качественных селекторов для веб-элементов";1
147;"Хорошие навыки в выполнение user acceptance-тестов";1
148;"Желателен опыт тесной работы с командой разработчиков на java";1
149;"Знание кроссбраузерный инструмент для тестирования(желательно, sauce lab)";1
150;"Анализ ткп и условий договора в части технических спецификаций";1
151;"Участие в стартовых совещаниях при приеме проекта в исполнение";1
152;"Анализ полноты и достаточности исходных данных для выполнения проектирования, участие в совещаниях с проектировщиками и заказчиком в ходе выполнения проекта";1
153;"Обеспечение исполнения принятого в работу проекта в полном соответствии с условиями заключенного договора и требованиями внутренних стандратов компании";1
154;"Разработка разделов тз и документов трп";1
155;"Размещение оборудования, контроль поступления и сборки, организация испытаний и последующей отгрузки";1
156;"Формирование отчетов по исполнению проекта, учет трудозатрат по проектам";1
157;"Участие в изучении причин отказов и нарушений в работе оборудования, возникновении несоответствий при исполнении проекта, фиксация и ведение базы данных";1
158;"Формирование, организация согласования и подписания технических актов по этапам исполнения проектов";1
159;"Участие в разработке технических решений при исполнении проекта, а также создание новых продуктов и решений для более полного удовлетворения потребностей заказчика";1
160;"Разработка нестандартных приложений для интеграции систем автоматизации";1
161;"Продвижение систем асу тп компании yokogawa (плк / кип)";1
162;"Обеспечение соответствия разрабатываемых проектных решений и технической документации стандартам, техническим условиям и другим нормативным документам по проектированию, а также заданию на их проектирование";1
163;"Ведение рабочей внутренней документации в соответствии с требованиями, принятыми правилами и нормами";1
164;"Опыт работы в сфере промышленной автоматизации (обязательно);";1
165;"Опыт создания, конфигурирования и внедрения автоматизированных систем управления;";1
166;"Знания схемотехники электротехнических устройств;";1
167;"Опыт работы с оборудованием yokogawa приветствуется;";1
168;"Знание методических и нормативных материалов по вопросам организации асу тп;";1
169;"Общие знания плк (программируемые логические контроллеры) и языков программирования;";1
170;"По: microsoft office, visio, power point;";1
171;"Документация: гост, пб, фнип.";1
172;"Владение английским языком на уровне pre-intermediate (чтение технической литературы, деловая переписка).";1
173;"Умение планировать и распределять работу;";1
174;"Рациональный подход к решению задач;";1
175;"Ответственность;";1
176;"Инициативность;";1
177;"Самостоятельность.";1
178;"Контроль проведения работ по бесперебойной и технически правильной эксплуатации и техническому обслуживанию средств комплексной автоматизации, контрольно-измерительных приборов, сопровождением программного обеспечения асутп, систем противопожарной защиты.";1
179;"Участие в приемочных испытаниях, комплексном опробовании объектов, завершенных капитальным строительством, контроль пуско-наладочных работ в части систем автоматизации, систем противопожарной защиты.";1
180;"Анализ причин отказов асутп, систем противопожарной защиты.";1
181;"Обеспечение ведения статистической отчетности по автоматизированным системам в зоне своей ответственности.";1
182;"Выполнение требований законодательных и иных нормативных правовых актов рф, контроль соблюдения лнд компании и общества в области асутп и кип.";1
183;"Высшее образование по направлению асу тп.";1
184;"Опыт работы по направлению деятельности не менее 3-х лет.";1
185;"Знание видов программного обеспечения асутп.";1
186;"Знание архитектуры и принципов построения и работы систем асутп.";1
187;"Знание промышленных сетей и протоколов передачи данных.";1
188;"Опыт работы с приборами кипиа различных производителей.";1
189;"Взаимодействие с бизнес пользователями, функциональными заказчиками, сбор требований на автоматизацию бизнес-процессов.";1
190;"Анализ требований, принятие решений о технической реализации требований. оценка технической реализации требований, предлагаемой подрядчиками.";1
191;"Проработка технических решений и оценка влияния планируемых изменений ит архитектуры на действующие информационные системы.";1
192;"Формирование функциональных требований, запросов на изменения, постановка задачи разработчикам.";1
193;"Оценка и утверждение трудоемкости разработок, сроков разработки с учетом необходимости доработки смежных компонент и их резервирования.";1
194;"Контроль соблюдения правил разработки, критериев оценки качества работы подрядчиков, методик оценки трудозатрат по своему направлению.";1
195;"Контроль качества выполнения разработок внешними подрядчиками в рамках управления изменениями и внедрения новых решений.";1
196;"Участие в тестировании, приемо-сдаточных испытаниях (нагрузочных, регрессионных тестированиях).";1
197;"Разбор технических проблем, которые не смогли быть решены в рамках стандартных процедур. участие в расследовании критических инцидентов, поиск корневых проблем. контроль их устранения.";1
198;"Высшее техническое или инженерное образование со специализацией в области информационных технологий, автоматизированных систем управления, системного анализа.";1
199;"Процессов управления архитектурой и контроля качества внедрения информационных систем.";1
200;"Основных механизмов платформы 1с предприятие 8.3.";1
201;"Бизнес-процессов инжиниринговых, строительных компаний.";1
202;"Методологии idef, epc, uml, bpmn 2.0.";1
203;"Управления требованиями.";1
204;"Формирование требований к автоматизации бизнес-процессов строительных компаний.";1
205;"Исследования и анализа данных.";1
206;"Моделирования процессов.";1
207;"Проектирования ис.";1
208;"Управления тестированием и внедрением.";1
209;"Разработки пользовательских инструкций.";1
210;"Практический опыт внедрения систем управления на базе платформы 1с в строительных компаниях.";1
211;"Блоки учета: строительство, складская логистика, транспортная логистика, регламентированный и управленческий учет.";1
212;"Формирования требований к автоматизации бизнес-процессов строительных или проектных организаций.";1
213;"Моделирования и реинжиниринга бизнес-процессов.";1
214;"Деловые коммуникации с функциональными заказчиками и ит подрядчиками.";1
215;"Обязательн.о: word, excel, powerpoint и visio.";1
216;"Разработчик front-end на языке vuejs проектов компании";1
217;"Понимание как всё работает;";1
218;"Знание html, scss, javascript;";1
219;"Умение работать с jquery;";1
220;"Знание технологии ajax, rest";1
221;"Разработка и поддержка и корпоративной информационной системы;";1
222;"Документирование, разработка инструкций;";1
223;"Поддержка пользователей организации (обучение, инструктирование);";1
224;"Разработка отчетов;";1
225;"Разработка по в составе коллектива разработчиков программного обеспечения.";1
226;"Возможен прием без опыта работы;";1
227;"Приветствуются навыки работы с асутп и телеметрией;";1
228;"Желательно знание tsql и одного из языков ооп.";1
229;"Участие в проекте внедрения (и последующего сопровождения) 1с:бухгалтерия государственного учреждения;";1
230;"Анализ предметной области (сбор требований);";1
231;"Описание бизнес-процессов («as-is», «to bе»);";1
232;"Разработка технических заданий (требований);";1
233;"Проведение тестирования;";1
234;"Участие в переносе данных из текущей системы учета;";1
235;"Высшее образование (экономическое);";1
236;"Знание предметной области (практический опыт обязательно);";1
237;"Значение нормативно-правовых актов по функциональному направлению;";1
238;"Опыт работы бизнес-аналитиком на проектах внедрения 1с: бухгалтерия государственного учреждения;";1
239;"Знание всех участков учета и отчетности государственного учреждения;";1
240;"Умение описывать технические требования для необходимой доработки системы;";1
241;"Оформление всей требуемой проектной документации.";1
242;"Опыт работы руководителем ит-инфраструктуры от 3х лет";1
243;"Опыт администрирования платформы windows от 3х лет";1
244;"Заключение договоров и приобретение программного и аппаратного обеспечения, комплектующих и т.п., контроль исполнения договорных отношений с поставщиками; ";1
245;"Контроль ит бюджета в рамках курируемых договоров; ";1
246;"Взаимодействие со смежными подразделениями и внешними компаниями в рамках деятельности отдела; ";1
247;"Контроль работы по автоматизации банковских приложений; ";1
248;"Исполнение поручений руководства. ";1
249;"Разработка проектов в части программного, информационного и математического обеспечения;";1
250;"Программирование контроллеров, scada, частотных преобразователей;";1
251;"Составление спецификаций шкафного оборудования автоматизации, проектирование шкафов автоматизации;";1
252;"Подбор периферийного оборудования;";1
253;"Наладка, запуск и сопровождение разрабатываемого программного обеспечения;";1
254;"Написание эксплуатационной документации.";1
255;"Опыт работы инженером по автоматизации на производственных предприятиях или в электромонтажных компаниях, исследовательских институтах, инженером программистом, асу тп и пр. (иностранные производители) – от 2 лет;";1
256;"Умение применять на практике языки программирования контроллеров в стандарте iec 61131-3 (контроллеры: siemens, allen-bradley, honeywell и пр. );";1
257;"Знание архитектур компьютерных сетей, знание протоколов передачи данных: industrial ethernet, modbus, profibus-dp и пр.;";1
258;"Умение читать и редактировать электрические схемы;";1
259;"Опыт внедрения и поддержки проектов по автоматизации.";1
260;"Разбор и анализ инцидентов;";1
261;"Обработка и решение обращений пользователей;";1
262;"Консультации пользователей и технических специалистов;";1
263;"Проектирование, настройка, тестирование изменений;";1
264;"Актуализация пользовательской и технической документации.";1
265;"Исследование бизнес-процессов и требований к автоматизации;";1
266;"Разработка технических заданий на автоматизацию;";1
267;"Проектирование программных решений и механизмов интеграции, оформление проектной документации;";1
268;"Настройка и тестирование программных решений;";1
269;"Создание пользовательской и технической документации.";1
270;"Обучение и консультации пользователей.";1
271;"Высшее или неоконченное высшее образование;";1
272;"Опыт автоматизации бизнес-процессов (желателен);";1
273;"Уверенный пользователь ms office;";1
274;"Понимание основ проектирования баз данных и интерфейсов ит-систем;";1
275;"Умение четко и грамотно описывать постановку задачи разработчикам.";1
276;"Разработка целевой архитектуры информационных систем в части, касающейся развития и внедрения новых модулей на платформе lotus;";1
277;"Выбор поставщиков, соответствующих текущим потребностям компании в сфере электронного документооборота;";1
278;"Обеспечивание функционирования и работоспособность систем на платформе lotus и корпоративной почты общества и управляемых обществ;";1
279;"Планирование, организация и контроль разработки программных модулей lotus и обеспечивание исполнения регламентов по использованию систем на платформе lotus;";1
280;"Планирование, организация и контроль выполнения запросов пользователей на изменения и реализацию необходимых доработок в системе электронного документооборота.";1
281;"Образование – высшее профессиональное (специалитет, магистратура);";1
282;"Специальность – «программное обеспечение вычислительной техники и автоматизированных систем», «информационные системы», аналогичные специальности;";1
283;"Минимальный рабочий стаж по специальности - 5 лет, в том числе на руководящих должностях не менее 3 лет;";1
284;"Законодательные и нормативные правовые акты, постановления, распоряжения по функциональному направлению;";1
285;"Рынок информационных услуг;";1
286;"Основные принципы структурного программирования;";1
287;"Технологию автоматической обработки информации и кодирования информации;";1
288;"Современные методы управления процессами разработки по;";1
289;"Современные методы управления изменениями в ит-сервисах;";1
290;"Основы управления процессами сопровождения ит-сервисов;";1
291;"Контроль исполнения плана поставок по ключевым точкам (утверждение частного технического задания (чтз), назначение уполномоченной организации, согласование плана качества и т.д.);";1
292;"Управление рисками проекта. разработка и реализация плана компенсирующих мероприятий;";1
293;"Участие в приемочных инспекциях изготовленного оборудования;";1
294;"Организация оформления накладных / актов сдачи приемки выполненных работ контрагентов, заведение в 1с;";1
295;"Организация претензионной-исковой работы в ао «расу»;";1
296;"Анализ доходных/расходных договоров и формирование обязательств для загрузки в систему управления проектами;";1
297;"Формирование и контроль планов исполнения обязательств проекта;";1
298;"Формирование отчетности о статусе исполнения обязательств проекта, фиксация выполнения в системе управления проектами;";1
299;"Мониторинг и прогноз хода исполнения договорных обязательств по проекту.";1
300;"Релевантный опыт работы от 3-х лет;";1
301;"Знание программ ms office: word, excel, powerpoint, visio.";1
302;"Определение системы метрик и целевых показателей бизнес-процессов;";1
303;"Изучение и реинжиниринг бизнес-процессов;";1
304;"Разработка и обеспечение процесса согласования процессной документации;";1
305;"Подготовка и презентация материалов по предлагаемым изменениям в бизнес-процессах;";1
306;"Обучение пользователей и сопровождение внедряемых изменений со стороны процессной команды;";1
307;"Участие в разработке функциональных требований к информационным системам;";1
308;"Участие во внедрение erp системы в рамках своей компетенции.";1
309;"Теоретические и практические навыки документирования и реинжиниринга бизнес-процессов;";1
310;"Умение составлять и обеспечивать согласование процессной документации (схемы и описание бизнес-процессов, операционные инструкции, регламенты взаимодействия и пр.);";1
311;"Знание областей: складская логистика, транспортная логистика, цепочки поставки, контрактование;";1
312;"Опыт работы с 1с и системой erp класса.";1
313;"Распределение работы среди смежных отделов;";1
314;"Контроль выполнения работы;";1
315;"Общение, а так же ведение деловой переписки с заказчиком и подрядчиком;";1
316;"Знание законодательных, нормативно-правовых и нормативных актов, норм и правил, регламентирующих разработку и внедрение асутп;";1
317;"Знание технических, экономических, экологических требований, предъявляемых к асутп;";1
318;"Организация производственного планирования;";1
319;"Разработка модели проекта, календарных графиков, бюджета проекта;";1
320;"Знание нарядно-допускной системы, правил и норм охраны труда, техники безопасности и контроля качества;";1
321;"Реализация проектов с обеспечением исполнения основных контролируемых параметров: время, затраты, качество, с целью получения запланированной прибыли;";1
322;"Управление качеством и рисками проекта;";1
323;"Осуществление бюджетного планирования проекта, в т.ч. определение потребности в финансировании;";1
324;"Координация всех участников проекта;";1
325;"Проведение регулярных совещаний с внешними участниками проекта по ходу реализации проекта;";1
326;"Анализ финансовых показателей по проекту;";1
327;"Подготовка решений, которые повлияют на сроки и затраты по проекту;";1
328;"Контроль сдачи результатов работ в эксплуатацию.";1
329;"Знание основ функционирования и построения асутп, кипиа;";1
330;"Опыт модернизации или внедрения систем асутп;";1
331;"Опыт контроля работы подрядчиков по строительной части (заливка фундаментов, простые общестроительные работы), а так же по монтажу технологического оборудования (трубопроводы, насосы, котельное оборудование);";1
332;"Ведение переговоров, решение конфликтных ситуаций;";1
333;"Взаимодействие с подрядчиками/поставщиками;";1
334;"Администрирование договоров, организация документооборота по договору;";1
335;"Планирование и контроль исполнения работ по проекту;";1
336;"Уверенное пользование компьютером (word, excel, internet, почтовые программы);";1
337;"Работа с пакетами по управлению проектами (ms project/ primavera, иные);";1
338;"Организация и проведение совещаний.";1
339;"Опыт работы в проектировании в нефтегазовой отрасли от 5 лет;";1
340;"Умение рассматривать проектные спецификации, административные и технические методы ведения работ, инструкции по проектированию, генпланы, технологические схемы и информацию поставщика;";1
341;"Принимать участие в разработке инженерных смет по определенному объему работ для рассмотрения старшим или ведущим инженером;";1
342;"Умение выполнять схемы, используя электротехнические спецификации, стандартные чертежи, инструкции по проектированию, генпланы, технологические схемы и информацию поставщиков;";1
343;"Рассматривать и давать комментарии к проектным чертежам других отделов и чертежам оборудования поставщика;";1
344;"Представлять отчеты о состоянии документации и о прогрессе работ;";1
345;"Участие в совещаниях с представителями заказчика, эксплуатации, согласование проектных решений. ведение переписки с заказчиком и поставщиками оборудования;";1
346;"На назначенных строительных участках обеспечивать поддержку строительства путём разъяснения чертежей и спецификаций и вносить изменения в проект, принимает участие в выполнении работ по съёмке строительных площадок, проведении измерений, принятии актов сдачи-приёмки и других инженерных видов работ на строительном участке;";1
347;"Содействовать младшему инженеру - проектировщику, дизайнеру в приобретении необходимого опыта;";1
348;"Внутренний аудит, юзабилити-аудит.";1
349;"Поиск и устранение ошибок, негативно влияющих на дальнейшее продвижение и конверсии.";1
350;"Формирование стратегии продвижения проекта.";1
351;"Сбор и кластеризация семантического ядра запросов.";1
352;"Оптимизация существующих страниц под поисковые запросы, форматирование текстов и мета-тегов.";1
353;"Внутренняя перелинковка страниц сайта с целью корректного распределения ссылочного веса.";1
354;"Работа с sape, seopult.";1
355;"Опыт сео оптимизации сайтов с доведением до результата обязателен.";1
356;"Выполнение тестового задания обязательно.";1
357;"Опыт работы проектирования в нефтегазовой отрасли от 1-2 лет.";1
358;"Подготовка и настройка программного обеспечение;";1
359;"Подготовка аналитических отчетов о качестве работы;";1
360;"Контроль исполнения поставленных задач региональным сотрудникам.";1
361;"Коммуникабельность,";1
362;"Уверенный пользователь пк и знание основ систем наладки;";1
363;"Навыки работы с power point, photoshop";1
364;"Приветствуются навыки программирования и работы с mysql";1
365;"Обеспечение сроков выполнения плана программы;";1
366;"Обеспечение соблюдения стоимостных характеристик программы;";1
367;"Анализ стратегии развития программы и контроль ее внедрения;";1
368;"Анализ вариантов изменений в программе нацеленных на достижение бизнес-показателей: прогноз и оценка успеха;";1
369;"Осуществление контроля исполнения дорожной карты программы, своевременное реагирование на потенциальные зоны риска;";1
370;"Анализ текущих бизнес процессов (как внутренних, так и внешних) и их оптимизация.";1
371;"Высшее техническое (техническое, экономическое, менеджмент);";1
372;"Релевантный опыт работы от 5 лет;";1
373;"Опыт управления программа проектов в иб и/или ит сфере";1
374;"Широкий технический кругозор: знание основных продуктов и решений на рынке it (вычислительная и сетевая инфраструктура, схд, san, срк, иб, облачные сервисы, программные инфраструктурные решения, решения в области управления и мониторинга, инженерная инфраструктура и т.д.);";1
375;"Опыт проектирования и эксплуатации системной инфраструктуры;";1
376;"Опыт разработки стандартов проектирования системной инфраструктуры;";1
377;"Опыт разработки и оценки технических заданий, регламентов, стандартов, норм, правил, инструкций, спецификаций;";1
378;"Опыт оценки технических рисков, связанных с проектированием системной инфраструктуры;";1
379;"Знания и практический опыт по построению и администрированию решений на базе платформ ibm aix, red hat enterprise linux, ms windows server и архитектур power, x86.";1
380;"Установка и сопровождение программного обеспечения, консультации пользователей, ведение отчетности, подписание актов выполненных работ.";1
381;"Внедрение программного продукта";1
382;"Анализ и проектирование бизнес-процессов";1
383;"Постановка технических задач программистам";1
384;"Обучение и сопровождение пользователей";1
385;"Разработка технической документации";1
386;"Контроль качества, разрабатываемого программного продукта";1
387;"Высшее образование (ит)";1
388;"Основы программирования";1
389;"Основы делопроизводства";1
390;"Аналитические способности";1
391;"Понимание принципов разработки программного обеспечения и работы информационных систем";1
392;"Ответственность, умение грамотно и кратко излагать свои мысли в письменной и устной форме, навыки коммуникаций, стрессоустойчивость, инициативность";1
393;"Выполняет работу по проектированию и внедрению автоматизированных систем управления производством (асуп) на основе применения совокупности экономико-математических методов, современных средств вычислительной техники, коммуникаций и связи, элементов теории экономической кибернетики.";1
394;"Осуществляет подготовку необходимых данных и участвует в составлении технического задания на проектирование асуп и ее отдельных этапов и подсистем, в разработке технических и рабочих проектов.";1
395;"Формулирует постановку задач, выполняет работу по их алгоритмизации, выявляет возможности типизации решений отдельных элементов системы, подготавливает предложения о применении в проектировании асуп типовых блоков и участвует в их создании.";1
396;"Принимает участие в работе по совершенствованию документооборота на предприятии, формулирует требования к содержанию и построению технической и организационно-распорядительной документации, используемой в системе автоматизированного управления производством.";1
397;"Принимает участие в проектах по информатизации информационных технологий , таких как : умный город, умная больница.";1
398;"Разрабатывает технологические схемы обработки информации по установленным задачам асуп с учетом организационного и технического обеспечения по всем подсистемам.";1
399;"Подготавливает проекты методических материалов, инструкций и другой технической документации, связанной с созданием и использованием фондов информационного использования асуп.";1
400;"Участвует в работе по отладке, опытной эксплуатации и поэтапному введению в действие комплекса технических средств асуп.";1
401;"Осуществляет авторский надзор и периодический контроль входящей и исходящей документации.";1
402;"Изучает причины отказов и нарушений в системе, разрабатывает предложения по их устранению и предупреждению, по повышению качества и надежности асуп";1
403;"Высшее образование по специальности.";1
404;"Должен знать:";1
405;"Задачи и содержание асуп;";1
406;"Порядок разработки проектов асуп и ее подсистем, технических заданий, технических и рабочих проектов;";1
407;"Экономико-математические методы;";1
408;"Основы теории экономической кибернетики;";1
409;"Средства вычислительной техники, коммуникаций и связи;";1
410;"Порядок постановки задач, их алгоритмизации;";1
411;"Методы определения экономической эффективности внедрения асуп;";1
412;"Стандарты унифицированной системы организационно-распорядительной документации;";1
413;"Порядок разработки и оформления технической документации;";1
414;"Проведение обследования предприятий с целью определения возможности унификации производственных процессов, выявления функциональных потребностей, проблем, узких мест. структуризация и анализ полученной информации от производственных служб или в результате обследования с целью определения возможности реализации функционала средствами информационно производственных систем;";1
415;"Классификация, формализация и приоритизация требований и управление требованиями. разработка тз на реализацию требований, согласование со всеми сторонами;";1
416;"Разработка прочей технической документации: описание бп, схемы бд, тт, инструкции, руководства;";1
417;"Постановка задач разработчикам и участие во внедрении разрабатываемых решений. контроль и отслеживание всего «жизненного цикла» (сроки, тестирование, опэ и т.д.) разрабатываемых решений, приемка результатов согласно разработанному тз (или иной документации)";1
418;"Документирование изменений.";1
419;"Высшее образование в профильных технических вузах по специальности «промышленная автоматизация» и «информационные технологии»; ";1
420;"Опыт работы в качестве аналитика информационных систем; ";1
421;"Опыт работы в сфере it: с промышленными системами автоматизации (mes) или корпоративными системами (sap, 1c и пр.) ";1
422;"Практический опыт работы с документацией (оформление, структурирование); ";1
423;"Навыки выстраивания коммуникации с заказчиками, разработчиками, пользователями; ";1
424;"Знание основ описания бизнес-процессов; ";1
425;"Понимание основных принципов проектирования и разработки по; ";1
426;"Понимание систем документирования; ";1
427;"Системный подход к выстраиванию работы; ";1
428;"Аналитический склад ума. ";1
429;"Управление назначенными проектами в сфере коммерческой деятельности;";1
430;"Описание и оптимизация бизнес-процессов;";1
431;"Написание технических заданий на основе требований бизнеса, способствующих оптимизации и автоматизации процессов;";1
432;"Взаимодействие и консультация разработчиков по процессам;";1
433;"Осуществление изменений в ис на соответствие требованиям;";1
434;"Контроль и сопровождение внедрения ис и новых процессов;";1
435;"Взаимодействие с сотрудниками бизнес-подразделений по возможностям автоматизации и оптимизации процессов;";1
436;"Создание необходимой документации по проектам и процессам.";1
437;"Высшее математическое или экономическое образование;";1
438;"Знание стек технологий microsoft (включая sql, framework .net, office, exchange и т.д.), itil, itsm, шаблоны проектирования, методологии ведения проектов и описания процессов;";1
439;"Знать предметную области: коммерция (ценообразование, работа с поставщиками, документооборот, управление ассортиментом), финансы, бухгалтерия.";1
440;"Управление вверенными проектами автоматизации бизнес-процессов компании;";1
441;"Составление и согласование проектной документации (анкета проекта, тз, кпг), участие в защите проекта;";1
442;"Постановка и контроль выполнения задач участниками проекта;";1
443;"Поиск программных средств автоматизации бизнес-процесса проекта;";1
444;"Переговоры с вендорами, поставщиками услуг автоматизации;";1
445;"Проектирование новых информационных систем: модель данных, функциональная модель, техническое задание;";1
446;"Организация разработки информационных систем, участие в первичном тестировании.";1
447;"Доработка стандартной и разработка новой функциональности системы киас (pl/sql oracle).";1
448;"Анализ технических требований к системе;";1
449;"Тестирование разрабатываемой функциональности;";1
450;"Поддержка текущих процессов.";1
451;"Высшее образование (it/экономическое)";1
452;"Опыт работы на аналогичной должности не менее 3-х лет. преимуществом будет являться наличие опыта работы на проектах машиностроения.";1
453;"Продвинутый пользователь пк, пакета ms office";1
454;"Английский – чтение технической документации без словаря";1
455;"Участие в реализации проектов по автоматизации процессов";1
456;"Выявление, формализация и реализация требований заказчика";1
457;"Разработка программного обеспечения на платформе 1с";1
458;"Тестирование новых модулей. передача в эксплуатацию";1
459;"Сопровождение разработанных прикладных решений";1
460;"Datamining, анализ данных, выявление ошибок";1
461;"1) умение работать с .net, в первую очередь c c#, а так же с asp .net.2) умение работать с wpf версткой.3) знание среды vs, средств отладки, reshart, unit test.4) работа с mssql, проектирование бд, написание и отладка запросов.5) умение разбираться в чухом коде, работать в команде.6) умение работать с контролем версий, в первую очередь 。hg.уверенное знание с#.";1
462;"Технологий olap (microsoft)";1
463;"Сред генерации отчетности (crystal reports, business objects, ms reporting services)";1
464;"Технологий построения распределенных приложений (dcom / com+, .net remoting, msmq, web services)";1
465;"Участие в разработке корпоративных информационных систем в области управленческого учета, финансово-экономического анализа и моделирования на платформе .net (c#, . asp.net, web services).";1
466;"Использование технологий: olap. субд: ms sql server.";1
467;"Готовность анализировать и поддерживать существующий код.";1
468;"Оптимизация сложных sql запросов.";1
469;"Участие в проектировании структуры бд;";1
470;"Разработка хранимых процедур, триггеров;";1
471;"Оптимизация запросов;";1
472;"Мониторинг нагрузки бд;";1
473;"Документирование структуры бд;";1
474;"Взаимодействие с аналитиками и программистами в процессе проектирования и реализации заданий.";1
475;"Знание современных информационных технологий;";1
476;"Опыт разработки клиент-серверных систем;";1
477;"Владение теорией построения реляционных баз данных;";1
478;"Знание языков sql, pl/pgsql, tsql;";1
479;"Опыт работы с postgresql или ms sql 2005, oracle, mysql5.0;";1
480;"Опыт использования erwin, powerdesigner;";1
481;"Приветствуется знание web-технологий (html, php, xml);";1
482;"Опыт работы с linux.";1
483;"Формирование технических заданий на выполнение пир;";1
484;"Организация подготовки технико-коммерческих предложений для участия в тендерных процедурах;";1
485;"Организация и контроль над разработкой проектной и рабочей документации, согласование проектных решений в инстанциях, сопровождение экспертиз;";1
486;"Планирование работ и контроль над исполнением сроков выполнения;";1
487;"Принятие решений по проектируемым объектам;";1
488;"Согласование принятых решений в службах заказчика;";1
489;"Участие в переговорах при проведении тендеров.";1
490;"Опыт проектирования автоматизированных информационно-измерительных систем коммерческого учета электроэнергии (аскуэ, аиис куэ) и автоматизированных систем диспетчерского управления (асду).";1
491;"Организаторские способности, умение управлять коллективом.";1
492;"Сопровождение производства в части кд, тд";1
493;"Составление уп для станков раскроя металла";1
494;"Работа в автоматизированной графической программе по раскладке деталей на листообрабатывающем станке (координатно-вырубной и лазер). с обучением. ";1
495;"Работа в программе 1с по разработке спецификаций на изделия. возможно обучение. ";1
496;"Высшее образование ";1
497;"Навыки работы в графических программах, сапр - программах, 1с - желательно ";1
498;"Внимательность, аккуратность ";1
499;"Контроль за выполнением электромонтажных и пусконаладочных работ оборудования технологической автоматики на подшефном технологическом участке ккц;";1
500;"Выполнение электромонтажных и пусконаладочных работ оборудования технологической автоматики на подшефном технологическом участке ккц;";1
501;"Приемка оборудования автоматизации ккц;";1
502;"Разработка и проведение технических мероприятий по выводу ккц на проектную мощность на подшефном технологическом участке ккц;";1
503;"Наладка программного обеспечения систем автоматизации ккц;";1
504;"Выполнение графиков ппр и технического обслуживания оборудования технологической автоматики на подшефном технологическом участке ккц.";1
505;"Высшее техническое образование (автоматизация технологических процессов, асу, автоматизированный электропривод, информационные системы управления);";1
506;"Работа по специальности автоматизация не менее 1 года;";1
507;"Знание аппаратной части систем автоматизации;";1
508;"Знание и навыки программирования scada;";1
509;"Знание приборов кип;";1
510;"Знание и навыки программирования plc siemens.";1
511;"Разработка проектной и рабочей документации опасных производственных объектов в роли ведущего (лидера) инженера.";1
512;"Подготовка исходных технических требований на поставку сложного оборудования с комплектным кипиа.";1
513;"Рассмотрение и согласование ркд на кипиа.";1
514;"Рассмотрение и согласование ркд на сложное оборудование с комплектным кипиа, лса.";1
515;"Принятие основных решений по разрабатываемым проектным документам, согласование со смежными отделами.";1
516;"Подготовка, выдача заданий смежным отделам.";1
517;"Сбор и анализ исходных данных для проектирования.";1
518;"Анализ проектных решений с точки зрения их экономичности и стоимости на всех стадиях создания.";1
519;"Участие в авторском надзоре.";1
520;"Высшее техническое образование в области автоматизации технологических процессов.";1
521;"Опыт работы в проектной организации не менее 5 лет.";1
522;"Знание технологии проектирования, нормативно-технических документов по специальности для опасных производственных объектов.";1
523;"Знание типов измерения технологических параметров, особенностей применения кипиа.";1
524;"Опыт проектирования взрывоопасных объектов в роли ведущего инженера (стадии пд, рд).";1
525;"Опыт подбора кипиа и согласования ркд на кипиа.";1
526;"Опыт работы на площадках строительства (предпроектное обследование, сбор исходных данных, авторский надзор). ";1
527;"Владение пк: autocad, microsoft office, eplan, по для проектирования в 3d модели, по для расчета сужающих устройств и регулирующих клапанов.";1
528;"Английский язык на уровне pre-intermediate и выше.";1
529;"Управление проектами по разработке архитектуры программных решений;";1
530;"Анализ требований к информационной системе;";1
531;"Разработка архитектуры программных решений;";1
532;"Разработка концепций интеграции данных, взаимодействия компонентов программного обеспечения;";1
533;"Разработка технической и проектной документации;";1
534;"Организация и координация работы проектной группы;";1
535;"Контроль процесса и сроков разработки;";1
536;"Участие во внедрении, тестировании и сопровождении программных продуктов.";1
537;"Высшее образование (it/техническое)";1
538;"Широкий it-кругозор: знание технологий, программных продуктов, сетевого оборудования";1
539;"Знание архитектуры современных программных приложений";1
540;"Знание методологий проектирования по";1
541;"Знание английского языка на уровне чтения технической документации";1
542;"Опыт программирования";1
543;"Опыт постановки технических заданий";1
544;"Опыт интеграции различных информационных систем";1
545;"Наличие профессиональных сертификатов";1
546;"Опыт разработки архитектуры сложных приложений";1
547;"Наличие завершенных проектов (в роли системного архитектора/руководителя проекта)";1
548;"Опыт реализации крупных проектов";1
549;"Опыт работы системным архитектором от 5 лет";1
550;"Опыт разработки проектной документации в соответствии с гостами";1
551;"Опыт работы с bpm.online (желателен)";1
552;"Разработка, защита и реализация it-стратегии компании;";1
553;"Подготовка и реализация инвестиционных и организационных проектов по модернизации и развитию it-инфраструктуры и информационных систем компании, с обоснованием экономической эффективности;";1
554;"Изменение бизнес-процессов производственных и смежных подразделений общества за счет информатизации процессов и функций;";1
555;"Оперативное управление подразделением;";1
556;"Внедрение и сопровождение систем erp;";1
557;"Управление проектами по внедрению erp-систем;";1
558;"Формирование годовых и оперативных планов подразделения, подготовка отчетов;";1
559;"Управление it-бюджетом;";1
560;"Организация закупок it-оборудования.";1
561;"Опыт руководство коллективом от 5 лет;";1
562;"Опыт самостоятельного внедрения erp систем.";1
563;"Проектирование функциональных подсистем .";1
564;"Разработка требований к интерфейсам обмена.";1
565;"Подготовка проектной документации.";1
566;"Опыт работы в it компании, системном интеграторе в должности аналитик, специалист сопровождения, тестировщик, разработчик продолжительностью от 0,5 года (желательно).";1
567;"Владение основными офисными продуктами: ms word, excel, visio.";1
568;"Знания и понимание основных понятий структуры реляционной бд.";1
569;"Знание и понимание процессов жизненного цикла создания по.";1
570;"Готовность работать с большими нагрузками, в стрессовой ситуации.";1
571;"Готовность к редким командировкам по проектной необходимости.";1
572;"Опыт работы проектирования в нефтегазовой отрасли от 2-3 лет.";1
573;"Знание английского языка (предпочтительно).";1
574;"Осуществление подготовки основных данных и участие в составлении технического задания на выполнение работ;";1
575;"Осуществление ревизии поступающей рабочей документации, выдача замечаний, проверка устранения замечаний;";1
576;"Осуществление контроля соответствия применяемых конструкций, изделий, материалов проектным решениям, требованиям строительных норм и правил, стандартов, технический условий и других нормативных документов;";1
577;"Осуществление постоянного контроля и технического надзора технологии и качества выполнения строительно-монтажных работ на всем протяжении производства работ (отладка систем, настройка, увязка и др.);";1
578;"Участвует в работе по отладке, опытной эксплуатации и поэтапному введению в действие комплекса технических средств;";1
579;"Проверка исполнительной документации на соответствие, правильности оформления и ведения.";1
580;"Высшее техническое образование - автоматизация технологических процессов и производства;";1
581;"Опыт работы реализации проектов, ведения технического документооборота, проведения пнр;";1
582;"Знание нормативной документации в строительстве (снип, гост, всн и пр.)";1
583;"Стаж не менее 5 лет;";1
584;"Уверенный пользователь ms-office, autocad/";1
585;"Обеспечивает бесперебойную работу средств автоматизации, приборов кипиа и охрано-пожарной сигнализации на объектах упнг и кустовых площадок тазовского нгкм";1
586;"Осуществляет контроль выполнения работ подрядными организациями по обслуживанию оборудования объектов тазовского нгкм";1
587;"Осуществляет формирование плана потребности мтр по своему направлению";1
588;"Подготавливает опросные листы для закупа мтр";1
589;"Организует учет наличия и движения оборудования средств измерения, автоматизации и опс на объектах тазовского нгкм";1
590;"Опыт работы не менее 3-ех лет на объектах нефтяных и газовых месторождений";1
591;"Знание и опыт разработки на pl/sql, sql, oracle";1
592;"Желание работать в команде";1
593;"Ответственное отношение к выпускаемому продукту";1
594;"Выполнение роли po для самописной tms. понимание концепции развития решения";1
595;"Управление приоритетами разработки, работа по управлению затратами на подрядчика";1
596;"Формирование экспертизы внутри утконоса";1
597;"Успешное взаимодействие с: it директором, операционным директором, сотрудниками логистического отдела и командой разработки (внутренней и внешней)";1
598;"Реализация плана запуска блока tms в срок";1
599;"Реализация бюджета и качественное управление «рисками»";1
600;"Проработка проекта с целью повышения уровня производительности";1
601;"Опыт работы от 1 года на должности технолога tms, внедрения tms, руководителя группы развития tms системы";1
602;"Опыт продуктовой разработки";1
603;"Change management";1
604;"Опыт внедрения процессов с повышением эффективности";1
605;"Наличие опыта реализованных проектов по внедрению tms";1
606;"Автоматизация оборудования для пищевой промышленности посредством программного обеспечения &quot;proleit&quot;;";1
607;"Программирование современных микроконтроллеров siemens;";1
608;"Тестирование написанного программного обеспечения;";1
609;"Выполнение пусконаладочных работ при запуске заводов;";1
610;"Ввод в эксплуатацию систем управления процессами производства;";1
611;"Высшее техническое образование (желательно);";1
612;"Базовые знания simatic s7 (желательно);";1
613;"Понимание основ программирования;";1
614;"Английский язык на уровне чтения технической документации;";1
615;"Управление группой технической поддержки (10 человек).";1
616;"Участие в подборе и расстановке кадров внутри группы.";1
617;"Определение kpi группы на основе целей подразделения.";1
618;"Контроль исполнения работ подрядчиками.";1
619;"Обеспечение удовлетворенности пользователей качеством поддержки.";1
620;"Обеспечение непрерывности ит сервисов.";1
621;"Оперативная обработка эскалаций.";1
622;"Контроль основных показателей sla.";1
623;"Формирование и реализация мероприятий по улучшению сервиса.";1
624;"Высшее образование (техническое, желательно по профилю ит). ";1
625;"Знание принципов itil/itsm.";1
626;"Глубокое практическое понимание процессов управления инцидентами и проблемами.";1
627;"Общее понимание зон и причин возникновения проблем функционирования информационных систем.";1
628;"Знание основных принципов разработки, функционирования и поддержки информационных систем.";1
629;"Опыт работы в службе поддержки информационных систем (wms, primavera, qlik, исуи и т.д.)";1
630;"Опыт деловых коммуникаций с заказчиками и ит подрядчиками.";1
631;"Желателен опыт управления службой технической поддержки.";1
632;"Высшее профильное образование;";1
633;"Аналитический склад ума, пытливый и изыскательский, жажда знаний;";1
634;"Знание продуктов сзи отечественных и зарубежных;";1
635;"Знание сетевых технологий;";1
636;"Знание международных и отечественных";1
637;"Знание нормативной документации в области иб приветствуется;";1
638;"Требуется активность и горячее желание стать сильным ибшников с уклоном в управление иб: суиб, soc, s-grc, irp, security intelligence.";1
639;"Участие в проектах внедрения решений аскон;";1
640;"Участие в проведении обследования проектных организаций на предмет текущей автоматизации работ. участие в формировании предложений по автоматизации проектной организации;";1
641;"Реализация уникальных проектных решений под задачи заказчика;";1
642;"Участие в разработке технической документации по проекту внедрения;";1
643;"Установка и настройка конфигурации по аскон по техническому заданию;";1
644;"Обучение сотрудников проектных организаций работе в автоматизированных системах;";1
645;"Техническое сопровождение работы сотрудников проектных организаций в автоматизированных системах.";1
646;"Высшее или среднее техническое образование;";1
647;"Опыт работы в проектной организации или it-компании, автоматизирующей процессы проектных организаций (не менее 2 лет).";1
648;"Знание принципов администрирования ос windows, работы и администрирования информационно-вычислительных сетей (домены, права доступа, пользователи);";1
649;"Понимание порядка исполнения работ в проектной организации;";1
650;"Хорошо развитые коммуникативные способности;";1
651;"Обеспечивать бесперебойное функционирование программной и аппаратной части автоматизированной системы управления технологическим процессом (асу тп).";1
652;"Выполнять работу по проектированию и внедрению асу тп.";1
653;"Осуществлять подготовку необходимых данных и участвовать в составлении технического задания на проектирование асу тп и ее отдельных этапов и подсистем, в разработке технических и рабочих проектов.";1
654;"Участвовать в работах по поиску и выбору аппаратного обеспечения средств и систем автоматизации технологических процессов.";1
655;"Изучать разработанные проектными организациями и действующие на других предприятиях системы автоматизированного управления производством, с целью использования передового опыта проектирования и эксплуатации асу тп.";1
656;"Организовывать выполнение работ по шеф-монтажу, монтажу, наладке и вводу в эксплуатацию аппаратного обеспечения средств и систем автоматизации технологических процессов.";1
657;"Участвовать в выяснении причин сбоев и аварийного выхода из строя средств и систем автоматизации технологических процессов, выработке и реализации мероприятий по их устранению.";1
658;"Участвовать в устранении неисправностей асу тп.";1
659;"Подготавливать проекты методических материалов, инструкций и другой технической документации, связанной с созданием и использованием асу тп.";1
660;"Высшее профессиональное образование";1
661;"Опыт практической работы от 5 лет";1
662;"Знания действующих методических и нормативных документов по вопросам монтажа, наладки и ввода в эксплуатацию средств и систем автоматизации технологических процессов;";1
663;"Знания теории промышленной электроники и схемотехники, автоматизированных систем электропривода, автоматического регулирования и управления.";1
664;"Решение технических запросов пользователей, связанных с использованием информационных систем компании;";1
665;"Разбор ошибок и функциональная постановка задач разработчикам по выявленным ошибкам;";1
666;"Участие в тестировании новой функциональности;";1
667;"Участие в формировании пользовательской документации и наполнении корпоративной справочной системы.";1
668;"Высшее образование (техническое) - желательно;";1
669;"Навыки программирования 1с - желательно;";1
670;"Умение разбираться в чужом коде;";1
671;"Опыт работы в должности администратора или специалиста поддержки 1с - от года;";1
672;"Понимание внутреннего устройства и прикладных объектов платформы 1с:предприятие 8.х;";1
673;"Техническая грамотность;";1
674;"Доработка систем и разработка модификаций ms dynamics ax 2009, 2012";1
675;"Высшее техническое образование, ит";1
676;"Знание внутренней архитектуры ms dynamics ax ";1
677;"Знание стандартного функционала модулей: расчеты с клиентами, расчеты с поставщиками, главная книга, производство (желательно) ";1
678;"Ведение качественной разработки в ms dynamics ax 2009, 2012, знание best practice разработки в ms dynamics ax ";1
679;"Уверенные навыки объектно-ориентированного программирования ";1
680;"Умение быстро разбираться в чужом коде ";1
681;"Базовые знания языков программирования стандарта iec (st, fbd,ld);";1
682;"Знания wincc, step7 и т.д.;";1
683;"Умение разбираться в кодах.";1
684;"Развитие проектов компании (web и mobile);";1
685;"Разработка концепции и реализация дизайна пользовательских интерфейсов;";1
686;"Разработка креативных концепций дизайна сайта и целевых страниц;";1
687;"Разработка айдентики, инфографики, анимации;";1
688;"Отрисовка макетов и графических элементов интерфейса;";1
689;"Разработка прототипов и проработка сценариев использования.";1
690;"Опыт проектирования пользовательских интерфейсов (ui) от 2 лет;";1
691;"Наличие портфолио с публичными реализованными проектами;";1
692;"Знание трендов/ &quot;насмотренность&quot;;";1
693;"Понимание, что такое хорошая композиция, аккуратная верстка иудобный интерфейс;";1
694;"Умение проектирования и реализации сложных интерфейсов взаимодействия с пользователями в вебе и на мобильных устройствах;";1
695;"Опыт работы в figma (обязательно),zeplin, adobe cc (желательно),плюсом будет (!!!) опыт работы в axure;";1
696;"Опыт работы в jira и confluence;";1
697;"Понимание принципов хорошего ux;";1
698;"Понимание принципов современной разработки веб-приложений (компонентная архитектура ).";1
699;"Обеспечение бесперебойной работы производственного, вспомогательного оборудования и инженерных систем здания;";1
700;"Разработка и составление ппр электрооборудования, оборудования;";1
701;"Участие в модернизации технологического оборудования;";1
702;"Анализ слада запасных частей, составление заявок в системе sap;";1
703;"Оперативное руководство работой электромехаников;";1
704;"Участие и поддержка инвестиционных проектов.";1
705;"Опыт работы на аналогичной должности;";1
706;"Курсы программирования siemens simatic;";1
707;"Группа допуска по электробезопасности 3 до 1000 в.";1
708;"Знание технического английского языка;";1
709;"Знание современных компонентов системы автоматизации производства;";1
710;"Умение программировать промышленные контроллеры (plc) siemens;";1
711;"Частотные привода электродвигателей (фирм abb, sew, lenze, siemens);";1
712;"Знание низовой автоматики асутп;";1
713;"Знание работы пневматических систем управления.";1
714;"Осуществлять полный цикл управления проектом по приему на обслуживание учетных систем заказчика:";1
715;"Организация и проведение аудита учетных систем и инфраструктуры заказчика;";1
716;"Выработка технического решения по приему и согласование с заказчиком;";1
717;"Резервирование/дозаказ ресурсов под размещение новых учетных систем;";1
718;"Прием учетных систем, организация взаимодействия с информационными системами заказчика;";1
719;"Организация доступа сотрудникам заказчика в учетные системы;";1
720;"Протоколирование передачи учетных систем на всех этапах.";1
721;"Организация взаимодействия с внутренними клиентами, подрядчиками, поставщиками и заказчиками во время реализации проекта (решение административных вопросов, ведение договоров, контроль исполнения и отчеты о проделанной работе).";1
722;"Высшее техническое образование либо высшее экономическое образование со специализацией в области информационных технологий.";1
723;"Наличие сертификатов, курсы по линейке учетных систем 1с.";1
724;"Знание архитектуры и функциональных возможностей продукта 1с бп корп 3.1, зуп корп 3.1, желательно бит.финанс, erp, комплексная автоматизация.";1
725;"Знание ms excel, ms visio, ms project.";1
726;"Стаж работы не менее 2 лет на проектах внедрения продуктов 1с в роли архитектора или технического руководителя.";1
727;"Опыт организации работы групп специалистов.";1
728;"Наличие опыта работы с удаленными заказчиками и удаленной командой проекта (желательно).";1
729;"Стрессоустойчивость.";1
730;"Умение систематизировать и описывать бизнес процессы.";1
731;"Хорошие навыки коммуникации.";1
732;"Умение работать с большим объемом информации в режиме многозадачности.";1
733;"Грамотность письменной и устной речи.";1
734;"Работа над автоматизацией проекта";1
735;"Контроль сборки шкафов управления";1
736;"Учет расходного материала";1
737;"Монтажные работы по подготовке подключения оборудования";1
738;"Образование: высшее техническое";1
739;"Умение работать с технической документацией, электрическими схемами.";1
740;"Создание и доработка компонентов системы автоматизированного проектирования (сапр/cad).";1
741;"Опыт разработки приложений на c++/mfc или c#/winforms";1
742;"Технический английский на уровне чтения документации";1
743;"Организация работы команды проекта и подразделений общества, задействованных в реализации проекта.";1
744;"Планирование и координация работ подразделений общества по проекту, согласование графика проекта.";1
745;"Взаимодействие с владельцем, генеральным подрядчиком, генеральным проектировщиком, заказчиком и другими основными участниками проекта на всех этапах реализации проекта.";1
746;"Контроль стоимости проекта. разработка и утверждение бюджета доходов и расходов.";1
747;"Контроль степени удовлетворенности основных стейкхолдеров проекта.";1
748;"Организация управления рисками и требованиями проекта.";1
749;"Организация оперативных совещаний для решения текущих вопросов по реализации проекта, контроль выполнения решений, принятых на оперативных совещаниях.";1
750;"Взаимодействие с куратором проекта, руководством структурных подразделений общества, а также с высшим руководством общества с целью решения оперативных вопросов, возникающих при реализации проекта.";1
751;"Организация разработки и выпуска документов по управлению проектом.";1
752;"Участие в ходе подготовки и согласовании договоров с заказчиком.";1
753;"Знание английского языка (уровень от intermediate).";1
754;"Участие в организации и курированию работ по проектированию и сооружению аэс, как преимущество.";1
755;"Аналогичный опыт работы в крупных промышленных компаниях от 3-х лет.";1
756;"Пк - уверенный пользователь (ms office, primavera, ms visio).";1
757;"Не менее 5 (пяти) лет на инженерно – технических и руководящих должностях/ не менее 1 (одного) года в должности руководителя проекта. ";1
758;"Развитые управленческие и коммуникативные навыки. ";1
759;"Знания в области тепловой и/или атомной энергетики. ";1
760;"Выявление потребностей и адаптация продукта в соответствии с требованиями пользователей.";1
761;"Разбор и анализ случаев обращения клиентов.";1
762;"Взаимодействие с командой аналитики и разработчиков при анализе и решению возникающих проблем.";1
763;"Участие во внедрении и дальнейшее сопровождение системы.";1
764;"Техническая поддержка, консультирование их по вопросам, связанным с работой системы.";1
765;"Регистрация дефектов в баг-трекинговой системе (youtrack).";1
766;"Мониторинг системы для локализации проблем с помощью zabbix.";1
767;"Обработка поступающих от технической поддержки (первой линии) обращений.";1
768;"Подготовка кратких инструкций по типовым обращениям.";1
769;"·систематизация полученного опыта в базе знаний.";1
770;"Техническая поддержка пользователей 2-3 уровня.";1
771;"Разработка эксплуатационной документации.";1
772;"Опыт работы по внедрению и сопровождению автоматизированных информационных систем.";1
773;"Опыт взаимодействия с конечным заказчиков по вопросам организации работы в информационных системах и бизнес-приложениях.";1
774;"Знание особенностей построения информационных систем и реляционных баз данных.";1
775;"Умение написание sql запросов к базам данных и опыт работы с бд postgres. .";1
776;"Опыт удаленной инсталляции, администрирования и мониторинга программного обеспечения.";1
777;"Обслуживание упаковочного, этикетировочного оборудования.";1
778;"Запуск, обслуживание и контроль производственной линии.";1
779;"Ремонт электронной части оборудования. мелкий слесарный ремонт.";1
780;"Создание этикеток. ведение базы данных продукции.";1
781;"Формирование суточных отчетов.";1
782;"Отличное владение компьютером.";1
783;"Навыки работы со слаботочными сетями.";1
784;"Навыки ремонта электронной техники.";1
785;"Желателен опыт работы в аналогичной должности.";1
786;"2-3 года на должности аналитика-проектировщика по (в приоритете интернет-продуктов)";1
787;"1-2 года коммерческой разработки";1
788;"Высшее образование в области информационных технологий (техническое или физмат);";1
789;"Понимание принципов usability и ux;";1
790;"Твердое понимание процессов, методов и инструментов проектирования интернет-проекта;";1
791;"Знание принципов монетизации в интернете;";1
792;"Понимание процесса технической реализации интернет-проекта;";1
793;"Будет плюсом практический опыт разработки по, знание банковской и кредитно-финансовой сферы, знание иностранных языков;";1
794;"Проектирование внешних систем связи объектов электроэнергетики с использованием каналов связи по волс, вч связи, ррл связи, спутниковой связи.";1
795;"Проектирование внутренних систем связи объектов электроэнергетики: телефония, ггс и оповещение, лвс и скс, электропитания.";1
796;"Разработка технических решений в области систем связи.";1
797;"Разработка структурных схем связи.";1
798;"Разработка проектной документации (пояснительные записки, ведомости оборудования, взаимодействие с заказчиками, поставщиками, производителями и иными заинтересованными организациями).";1
799;"Профильное высшее образование.";1
800;"Опыт работы в проектных организациях, сопровождение проектов по связевым вопросам.";1
801;"Иметь представление о системах телемеханики, учета и охранно-пожарной сигнализации.";1
802;"Знание действующих нтд по организации каналов голосовой диспетчерской связи и передачи данных, каналов рз и па.";1
803;"Знание устройства персонального компьютера, ноутбука, сервера.";1
804;"Знание как минимум одной чертежной программы.";1
