;0
0;пользователь пк
1;работа в команд
2;управление проект
3;ведение переговор
4;грамотная реч
5;autocad
6;активные продаж
7;деловое общен
8;деловая переписк
9;поиск и привлечение клиент
10;бизнес-анализ
11;английский язык
12;прямые продаж
13;б2б продаж
14;руководство коллектив
15;организаторские навык
16;умение работать в команд
17;обучение и развит
18;развитие продаж
19;управление персонал
20;информационные технолог
21;проведение презентац
22;настройка сетевых подключен
23;настройка пк
24;деловая коммуникац
25;управление продаж
26;строительств
27;ms visio
28;заключение договор
29;windows 7
30;настройка п
31;закупк
32;sql
33;коммуникабельн
34;ms project
35;1с: предприятие 8
36;crm
37;проектная документац
38;ремонт пк
39;грамотн
40;холодные продаж
41;ms outlook
42;оптимизация бизнес-процесс
43;javascript
44;планирование продаж
45;atlassian jira
46;управление команд
47;разработка технических задан
48;системы видеонаблюден
49;ориентация на результат
50;закупка товаров и услуг
51;клиентоориентирован
52;телефонные переговор
53;ms sql
54;работа с большим объемом информац
55;аналитическое мышлен
56;ms powerpoint
57;css
58;информационная безопасн
59;сборка пк
60;подготовка презентац
61;ответствен
62;системный анализ
63;анализ рынк
64;1с: документооборот
65;аудит безопасн
66;администрирование сетевого оборудован
67;навыки продаж
68;навыки межличностного общен
69;проведение внутренних расследован
70;управление времен
71;1с: управление торговл
72;1с программирован
73;моделирование бизнес процесс
74;adobe photoshop
75;html
76;1с-битрикс
77;многозадачн
78;ms excel
79;монтаж инженерных сист
80;документальное сопровожден
81;обучение персона
82;строительный контрол
83;точность и внимательность к детал
84;внутренний контрол
85;преподавател
86;1с: бухгалтер
87;инициативн
88;бизнес-планирован
89;управление продукт
90;аналитические исследован
91;анализ да
92;согласование договор
93;git
94;умение планирова
95;разработка проектной документац
96;windows xp
97;выездное обслуживан
98;составление договор
99;tcp/ip
100;офисная техник
101;навыки презентац
102;техническое обслуживан
103;работа с поставщик
104;договорная работ
105;работа с возражен
106;навыки переговор
107;государственные закупк
108;проведение тендер
109;кадровая безопасн
110;agile project management
111;scrum
112;статистический анализ
113;xml
114;uml
115;проектный менеджмент
116;управление риск
117;электрические системы и слаботочные систем
118;ms dos
119;работа с оргтехник
120;материальная ответствен
121;windows os
122;helpdesk
123;active directory
124;ms office
125;ms internet explorer
126;html5
127;документооборот
128;управленческие навык
129;сопровождение строительств
130;производство строительно-монтажных работ
131;аналитика продаж
132;системы безопасн
133;работа с текущей базой клиент
134;планирование закупок
135;умение работать в коллектив
136;имущественная безопасн
137;r-keeper
138;проведение тестирован
139;управление затрат
140;управление разработк
141;управленческое консультирован
142;работа с базами да
143;базы да
144;функциональное тестирован
145;маркетинговый анализ
146;постановка задач разработчик
147;1с: предприят
148;поиск информации в интернет
149;проектирование пользовательских интерфейс
150;системное мышлен
151;c#
152;ооп
153;c++
154;ms paint
155;jquery
156;1c: бухгалтер
157;быстрая обучаем
158;mac os
159;windows vista
160;урегулирование конфликт
161;ведение активных клиент
162;работа с ключевыми клиент
163;тестирование пользовательского интерфейс
164;техническая поддержк
165;ms word
166;управленческая отчетн
167;холодные звонк
168;договоры подряд
169;подготовка коммерческих предложен
170;проектирован
171;archicad
172;autodesk revit
173;проектирование зданий и сооружен
174;мобильн
175;управление производств
176;расстановка приоритет
177;1с: торговл
178;участие в тендер
179;тендер
180;подготовка документов для участия в тендер
181;контроль исполнения решен
182;работа с людьм
183;ценообразован
184;взаимодействие с правоохранительными орган
185;навыки составления отчетн
186;пунктуальн
187;ведение переписк
188;бюджетирование закупок
189;оптимизация закупок
190;экономическая безопасн
191;гражданское строительств
192;монтаж оборудован
193;google chrome
194;математик
195;творческое мышлен
196;seo
197;cms wordpress
198;qa
199;api
200;aris
201;kanban
202;isales
203;разработка п
204;управление бизнес процесс
205;цифровизац
206;цифровые технолог
207;стратегическое планирован
208;разработка продукт
209;дистанционное обучен
210;управление отношениями с клиент
211;аналитик
212;анализ бизнес показател
213;wеб-дизайн
214;ios
215;разработка инструкц
216;erp systems
217;project management
218;исполнение личных поручений руководител
219;ms project expert
220;стратегический маркетинг
221;управление бюджет
222;ms access
223;google docs
224;1с: управление предприят
225;1с: склад
226;реинжиниринг бизнес-процесс
227;ms sql server
228;bootstrap
229;1с: зарплата и управление персонал
230;слаботочные систем
231;системы пожарной безопасн
232;idef
233;усидчив
234;ответственное хранен
235;корпоративная этик
236;разработка регламент
237;фз № 223
238;ведение проект
239;управление проектной команд
240;администрирование серверов wиндоwс
241;розничная торговл
242;тестирован
243;продажа комплексных проект
244;1с: производств
245;bpmn
246;css3
247;аккуратн
248;energy components
249;jboss
250;финансовый анализ
251;финансовая отчетн
252;прогнозирован
253;windows server 2003
254;cisco
255;ориентация на клиент
256;автоматизация технологических процесс
257;react
258;прием и распределение телефонных звонк
259;смет
260;контроль качеств
261;договоры поставк
262;scad
263;python
264;vba
265;анализ финансовых показател
266;java
267;контроль исполнения  решен
268;ux
269;ui
270;управление строительств
271;1с: торговля и склад
272;электронный документооборот
273;44-фз
274;контроль дебиторской задолжен
275;торговл
276;креативн
277;работа с дебиторской задолжен
278;ценовая политик
279;оформление документац
280;проведение переговор
281;привлечение клиент
282;маржинальный анализ
283;закупка оргтехники и оборудован
284;1с: бухгалтерия и склад
285;транспортная логистик
286;оптимизация затрат
287;планирование карьер
288;консультирован
289;контроль хозяйственной деятельн
290;стрессоустойчив
291;проверка контрагент
292;пожарная безопасн
293;системы охранно-тревожной сигнализац
294;технические системы и средства безопасн
295;взаимодействие с контрольными орган
296;проведение ревиз
297;навыки работы с первичной документац
298;проведение инвентаризац
299;ведение документац
300;монтаж металлоконструкц
301;linux
302;matlab
303;обучен
304;репетитор
305;ms publisher
306;asp
307;smm
308;mailerlite
309;витриx24
310;интернет-реклам
311;social media marketing
312;работа с системами аналитик
313;ms crm
314;digital marketing
315;adobe illustrator
316;adobe indesign
317;воронка продаж
318;mailchimp
319;лидогенерац
320;проведение рекламных кампан
321;joomla cms
322;создание сайт
323;bitrix
324;android
325;bitrix24
326;битрикс24
327;asterisk
328;php
329;электронная почт
330;исполнение поручений руководител
331;планирование маркетинговых кампан
332;google analytics
333;слепая печа
334;ms power bi
335;управление процесс
336;mvc
337;entity framework
338;linq
339;ms visual studio
340;typescript
341;scss
342;разработка концепц
343;дистрибуц
344;erp
345;1с:ерп
346;средства криптографической защиты информац
347;субд
348;cистемы управления базами да
349;microsoft access
350;коммуникативные навык
351;технические средства информационной защит
352;ajax
353;иметь общее понятие о системах безопасн
354;разработка нового продукт
355;регресcионное тестирован
356;бета-тестирован
357;нагрузочное тестирован
358;автоматизация процессов управления персонал
359;руковдитель проект
360;организация рабочих мест
361;организация видеоконференц
362;windows 10
363;dhcp
364;dns
365;прокладка кабел
366;кроссбраузерная верстк
367;адаптивная верстк
368;препроцессор
369;администрирование сервер
370;windows server 2008 r2
371;настройка сервер
372;ms exchange server
373;vmware
374;администрирован
375;turbo pascal
376;уверенный пользователь пк
377;знания в области электрик
378;знания в области физик
379;консультирование клиент
380;настройка днс
381;формирование управленческой отчетн
382;оперативное планирован
383;sla
384;настройка почтовых сервер
385;spring framework
386;java ee
387;java se
388;hibernate orm
389;jdbc
390;junit
391;postgresql
392;cassandra
393;elasticsearch
394;rabbitmq
395;oracle 11g
396;openshift
397;docker
398;teamcity
399;авторский надзор
400;инженерные систем
401;асу тп
402;redux
403;тренинг
404;cad
405;внедрение информационных сист
406;bim
407;проектирование лвс
408;консультирование клиентов по телефон
409;составление смет
410;бюджетирован
411;автоматизац
412;use case analysis
413;json api
414;управление изменен
415;3d
416;автоматизация процесс
417;power bi
418;анализ риск
419;pmp
420;ipma
421;prince2
422;itil
423;внедрение систем информационной безопасн
424;3 группа по электробезопасн
425;дизайн интерфейс
426;контроль строительства нового офис
427;открытие розничных магазин
428;чтение чертеж
429;adobe acrobat
430;sketchup
431;автоматизация производств
432;водительское удостоверение категории 
433;дорожное строительств
434;землеустройство и межеван
435;выбор подрядных организац
436;архитектур
437;autodesk 3ds max
438;технический надзор
439;инженер эксплуатац
440;в2в продаж
441;продажи образовательных услуг
442;проведение промо акц
443;водительское удостоверение категории б
444;проектные продаж
445;контроль реализации проект
446;дебиторская задолжен
447;ведение клиентской баз
448;продвижение объект
449;сопровождение клиент
450;организация презентац
451;скуд
452;видеонаблюден
453;планирован
454;государственные структур
455;ведение отчетн
456;охрана труда и техника безопасн
457;учредительные документ
458;подбор сотрудник
459;управление работой с ключевыми клиент
460;развитие ключевых клиент
461;продажи через дистрибьютор
462;честност
463;трудолюб
464;мерчандайзинг
465;мотивация персона
466;консультативные продаж
467;корпоративные продаж
468;кассовые документ
469;кассовые операц
470;работа с касс
471;обслуживание покупател
472;консультант плюс
473;управление производственным персонал
474;оптимизация логистических процесс
475;логистик
476;работа с документ
477;accuracy
478;управление товарными запас
479;анализ ассортиментной линейк
480;1с: управление производственным предприят
481;внимательн
482;обучаем
483;bom
484;oem
485;административно-хозяйственная деятельн
486;дисциплинирован
487;деловая этик
488;учет товар
489;охрана объект
490;взаимодействие с государственными контролирующими орган
491;внимание к детал
492;знание устройства автомобил
493;ремонт домофон
494;складской учет
495;складской документооборот
496;компас-3д
497;проектирование скуд
498;внешняя безопасн
499;учет тмц
500;исполнительн
501;умение планировать рабочее врем
502;взаимодействие с надзорными организац
503;ландшафтный дизайн
504;ландшафтная архитектур
505;внутренняя отделка помещен
506;строительно-отделочные работ
507;картограф
508;гис
509;вторичная недвижим
510;жилая недвижим
511;загородная недвижим
512;коммерческая недвижим
513;первичная недвижим
514;элитная недвижим
515;аренда недвижим
516;подбор недвижимости по запросу клиент
517;продажа недвижим
518;уверенный пользователь пк и оргтехник
519;монтаж натяжного потолк
520;монтаж конструкц
521;проектирование и монтаж систем оповещен
522;электрик
523;ремонтные работ
524;малоэтажное строительств
525;ремонт
526;разнорабоч
527;выполнение технического надзор
528;бизнес-консультирован
529;любовь к дет
530;желание реализовывать амбиц
531;готовность к обучен
532;умение понятно и интересно доносить информац
533;дисциплиирован
534;технический склад ум
535;simulink
536;презентац
537;организационная работ
538;обеспечение жизнедеятельности офис
539;делопроизводств
540;организация деловых поездок
541;прием посетител
542;организация работы приемн
543;продвижение бренд
544;cоциальный маркетинг
545;управление интернет-проект
546;веб-аналитик
547;графический дизайн
548;финансовое моделирован
549;финансовое планирован
550;международные стандарты бухгалтерского учет
551;комплексная автоматизац
552;техническое образован
553;финансовое образован
554;юриспруденц
555;международное прав
556;международное налогообложен
557;финансовые рынк
558;товарно-сырьевые рынк
559;рынки ценных бумаг
560;торговые систем
561;каталогизац
562;управленческий учет
563;scada
564;mysql
565;групповое обучен
566;деловая корреспонденц
567;написание научный стат
568;eviews
569;stata
570;arm
571;эконометрик
572;общая психолог
573;ms movie maker
574;1с: cрм проф
575;мотивац
576;запуск новых продукт
577;системный подход
578;dlp (devicelock
579;search inform
580;vue
581;nodejs
582;webpack
583;gulp
584;энергичн
585;активн
586;умение работать с яндекс
